run_id,gamma,seed,layer,cka_drift,scale,effective_rank,local_raw_q01,local_normalized_q01,task_jacobian,nuisance_jacobian,fiber_raw_q01,fiber_normalized_q01,exact_float_equal_pairs,linear_nuisance_cosine,mlp_nuisance_cosine,mlp_nuisance_angular_mae,convergence_warnings
527bb2ac4c40dfb4,0.03125,100,1,1.9231979520029086e-07,4.437081813812256,8.090709509325784,3.2705304622650146,0.7370904088020325,3.823544979095459,4.011744499206543,1.9528099095185842,0.4401113144769281,0,0.9999974370002747,0.9996589422225952,0.02005637250840664,0
527bb2ac4c40dfb4,0.03125,100,2,5.744516989214521e-05,3.659092664718628,11.391073284711323,2.8687527179718018,0.7840065956115723,3.6681151390075684,3.9233126640319824,1.4923283315938767,0.407841087486816,0,0.9999787211418152,0.9994176030158997,0.025567082688212395,0
527bb2ac4c40dfb4,0.03125,100,3,0.0003450397441034925,3.2833609580993652,13.492534106451053,2.6414754390716553,0.8045035004615784,3.698707342147827,3.997812271118164,1.3883767854898177,0.42285231602848367,0,0.9999444484710693,0.9992703795433044,0.02619278058409691,0
527bb2ac4c40dfb4,0.03125,100,4,0.001537465269499938,2.908013105392456,15.2122884318325,2.485387086868286,0.8546684384346008,3.593834400177002,3.8666725158691406,1.162789240829436,0.39985694654306236,0,0.9998595714569092,0.9990934133529663,0.029978489503264427,0
289b70872c4b2660,0.03125,101,1,2.786183248559837e-07,4.417056560516357,8.092016742792026,3.15411376953125,0.7140759229660034,4.125274658203125,3.635528802871704,1.760262443381645,0.3985148071492815,0,0.9999967217445374,0.9997386336326599,0.018238253891468048,0
289b70872c4b2660,0.03125,101,2,4.6328304101561635e-05,3.861677646636963,11.019464016254734,3.120244264602661,0.808002233505249,4.117961883544922,3.6725735664367676,1.5360549507777785,0.3977688174245952,0,0.9999805688858032,0.9995075464248657,0.02391146868467331,0
289b70872c4b2660,0.03125,101,3,0.00042103204159582575,3.4008073806762695,13.91230894484371,2.95274019241333,0.8682467937469482,4.164791107177734,3.69238018989563,1.3857691106686463,0.4074823874303279,0,0.999946117401123,0.9993226528167725,0.027853092178702354,0
289b70872c4b2660,0.03125,101,4,0.001216239511448447,3.0542025566101074,15.341307557515936,2.723541259765625,0.8917356133460999,4.165283679962158,3.597561836242676,1.1812822909741933,0.38677273988183397,0,0.9998546242713928,0.9992737770080566,0.027343155816197395,0
674a9ef0db8a87fb,0.03125,102,1,1.454866186412218e-07,4.595169544219971,8.120189372076311,3.370797872543335,0.7335524559020996,4.036000728607178,4.07265567779541,1.9757722333208996,0.4299672110697466,0,0.9999973177909851,0.9996957778930664,0.019235186278820038,0
674a9ef0db8a87fb,0.03125,102,2,4.1432734010804495e-05,3.966048002243042,11.453313576632512,3.15409517288208,0.7952740788459778,4.0724029541015625,4.090129852294922,1.7114281070851654,0.431519766305715,0,0.9999819993972778,0.9995298981666565,0.02267511375248432,0
674a9ef0db8a87fb,0.03125,102,3,0.0003579634882779903,3.314771890640259,13.947825941822767,2.7882497310638428,0.8411588668823242,3.8165836334228516,4.0241217613220215,1.471181588412077,0.4438258911770588,0,0.9999436140060425,0.9993358254432678,0.028117185458540916,0
674a9ef0db8a87fb,0.03125,102,4,0.0008685269986994371,2.9236738681793213,15.021790320116022,2.5440468788146973,0.8701541423797607,3.6021196842193604,3.9172120094299316,1.2504575815807006,0.42770077579118165,0,0.9998871088027954,0.9989748597145081,0.030052464455366135,0
fe67efb67417d9b7,0.0625,100,1,1.112829553173711e-06,4.438870429992676,8.089456848058544,3.267808198928833,0.7361801266670227,3.824064254760742,4.015751838684082,1.9528411906049095,0.4399410213485622,0,0.9999974370002747,0.9996589422225952,0.020122801885008812,0
fe67efb67417d9b7,0.0625,100,2,0.0002996995389322743,3.675398826599121,11.355449585477357,2.890846014022827,0.7865394353866577,3.6776742935180664,3.912808418273926,1.490064952554979,0.4054158535860853,0,0.9999786615371704,0.9994509816169739,0.024116596207022667,0
fe67efb67417d9b7,0.0625,100,3,0.0021237763535638665,3.322470188140869,13.367348251053402,2.6801323890686035,0.8066685795783997,3.7337164878845215,3.9695112705230713,1.387435092526899,0.41759143467386717,0,0.9999434351921082,0.9991655945777893,0.026448234915733337,0
fe67efb67417d9b7,0.0625,100,4,0.008064117681789496,2.9757907390594482,14.91583217794796,2.6025230884552,0.8745652437210083,3.692005157470703,3.845167636871338,1.173126447477958,0.3942234351628991,0,0.9998580813407898,0.9989815950393677,0.031350795179605484,0
490dabc4f67d5948,0.0625,101,1,1.2232150606861225e-06,4.41797399520874,8.09053663644006,3.1540114879608154,0.7139045000076294,4.128381252288818,3.634326934814453,1.7598988627274221,0.3983497559370017,0,0.9999967217445374,0.9996781945228577,0.020275410264730453,0
490dabc4f67d5948,0.0625,101,2,0.00024000181652261698,3.873126745223999,10.980297828629398,3.1124885082244873,0.8036113381385803,4.1523237228393555,3.669858455657959,1.5374977164131487,0.39696550553349597,0,0.9999802112579346,0.9994754791259766,0.02516844868659973,0
490dabc4f67d5948,0.0625,101,3,0.0021569973336738046,3.428687572479248,13.777756781656304,2.913907527923584,0.8498609066009521,4.214821815490723,3.687683582305908,1.3861588168233223,0.4042826263756092,0,0.9999452829360962,0.9992294907569885,0.02865949645638466,0
490dabc4f67d5948,0.0625,101,4,0.0060857743644179285,3.110072612762451,14.953589967467579,2.762188196182251,0.8881426453590393,4.181225776672363,3.572744369506836,1.1873204983656287,0.38176616632465643,0,0.9998570680618286,0.9990354180335999,0.0317503921687603,0
935bc64c3169cf56,0.0625,102,1,5.071444967308381e-07,4.5956501960754395,8.12011753680165,3.371699810028076,0.7336719632148743,4.03577995300293,4.07172966003418,1.9757397986612237,0.42991518378584426,0,0.9999973177909851,0.9997127652168274,0.01865531876683235,0
935bc64c3169cf56,0.0625,102,2,0.00014142547022033547,3.971522092819214,11.453447105537574,3.196249485015869,0.804792046546936,4.098372459411621,4.089022159576416,1.7122571956359687,0.43113374560646356,0,0.9999821782112122,0.9995169639587402,0.023257888853549957,0
935bc64c3169cf56,0.0625,102,3,0.001121423159481716,3.328535556793213,13.920620297439866,2.8296735286712646,0.8501256704330444,3.848414897918701,4.011279582977295,1.4717016796787068,0.44214690051158045,0,0.999941885471344,0.9993230700492859,0.027719516307115555,0
935bc64c3169cf56,0.0625,102,4,0.0028931137905811033,2.949739694595337,15.035072076980438,2.635754108428955,0.8935548067092896,3.6849584579467773,3.936610221862793,1.248109124636133,0.42312517505289776,0,0.9998896718025208,0.9991586208343506,0.028895867988467216,0
051389ecffef7f48,0.125,100,1,8.762041518783903e-06,4.444683074951172,8.085755948025742,3.2772440910339355,0.7373403310775757,3.831873655319214,4.012004852294922,1.9530138387068583,0.4394045212612406,0,0.9999973177909851,0.9996746182441711,0.020011374726891518,0
051389ecffef7f48,0.125,100,2,0.002046066448829875,3.7325632572174072,11.236145804310686,2.9514753818511963,0.7907368540763855,3.7452149391174316,3.9145126342773438,1.491002053060526,0.3994579462725716,0,0.9999779462814331,0.9994522929191589,0.02496432140469551,0
051389ecffef7f48,0.125,100,3,0.015638793432269926,3.455235242843628,12.91849905599886,2.779444932937622,0.8044155240058899,3.9314258098602295,3.9942803382873535,1.3947911781921678,0.4036747370764449,0,0.9999356269836426,0.9992597699165344,0.02661610208451748,0
051389ecffef7f48,0.125,100,4,0.05157704616197267,3.2114346027374268,13.744469659183656,2.7785375118255615,0.8652013540267944,3.960163116455078,3.8564350605010986,1.1750903188279023,0.3659082199046667,0,0.9998705387115479,0.9981181025505066,0.031938586384058,0
87a073ce5fc2fe2e,0.125,101,1,6.1778612658880405e-06,4.420961856842041,8.085762807225661,3.1532137393951416,0.7132415771484375,4.1318159103393555,3.6282105445861816,1.7589408864134906,0.39786384578082024,0,0.9999967217445374,0.999763548374176,0.016997722908854485,0
87a073ce5fc2fe2e,0.125,101,2,0.0014315087791257897,3.909508228302002,10.855645125302066,3.0926594734191895,0.7910609841346741,4.185405731201172,3.668311834335327,1.5384110140888367,0.3935049945545216,0,0.9999794960021973,0.999462902545929,0.02521202526986599,0
87a073ce5fc2fe2e,0.125,101,3,0.0119291873597136,3.524135112762451,13.290258459541343,2.928710699081421,0.8310438394546509,4.342939376831055,3.670720100402832,1.3903548220570654,0.394523699452378,0,0.999943196773529,0.9993558526039124,0.027279851958155632,0
87a073ce5fc2fe2e,0.125,101,4,0.031197743742438777,3.3013203144073486,13.63715503347094,2.7310755252838135,0.8272676467895508,4.432411193847656,3.5734643936157227,1.1991861500847332,0.3632444100777935,0,0.9998465180397034,0.9977899193763733,0.03019065037369728,0
412e35e0431c558f,0.125,102,1,3.9113251238953595e-06,4.59837532043457,8.118937366104516,3.3901498317718506,0.737249493598938,4.038336753845215,4.077713966369629,1.9759803530311357,0.42971271706555597,0,0.9999973177909851,0.9997115731239319,0.018722184002399445,0
412e35e0431c558f,0.125,102,2,0.0011323214563688788,4.004426956176758,11.411903983631168,3.2698183059692383,0.8165508508682251,4.120970726013184,4.089433670043945,1.7167529037565714,0.42871375169136505,0,0.9999821782112122,0.9995689988136292,0.022181324660778046,0
412e35e0431c558f,0.125,102,3,0.008578027616221617,3.4093778133392334,13.706144084290901,2.841660737991333,0.8334836959838867,3.9588522911071777,4.021344184875488,1.4753695278719574,0.4327386428396277,0,0.9999414086341858,0.9992800354957581,0.028517868369817734,0
412e35e0431c558f,0.125,102,4,0.027112013930541745,3.0895893573760986,14.746327957139838,2.699570655822754,0.8737635612487793,3.8501782417297363,3.9223055839538574,1.2365870769191278,0.40024318246918306,0,0.9998886585235596,0.9990239143371582,0.031643617898225784,0
ab9463fc737a2629,0.25,100,1,4.203187679663323e-05,4.453362941741943,8.080832121207173,3.2754080295562744,0.7354909181594849,3.847898483276367,4.018416404724121,1.9531368961796898,0.43857572843944215,0,0.9999972581863403,0.9996656775474548,0.020144708454608917,0
ab9463fc737a2629,0.25,100,2,0.009297892697901267,3.8323938846588135,10.992580035766562,2.987488269805908,0.7795358300209045,3.9139022827148438,3.9035186767578125,1.4877782422825532,0.3882112035086408,0,0.9999774694442749,0.9995530843734741,0.022280940786004066,0
ab9463fc737a2629,0.25,100,3,0.06703489461960821,3.695935010910034,11.855115417645186,2.8115735054016113,0.7607204914093018,4.229612827301025,3.943624496459961,1.3724054374012904,0.3713283467783079,0,0.9999327659606934,0.9991883039474487,0.028474289923906326,0
ab9463fc737a2629,0.25,100,4,0.17314486152047193,3.676342725753784,11.202133617481879,2.841883659362793,0.7730192542076111,4.583272933959961,3.8240232467651367,1.1402154839678824,0.3101493981995644,0,0.9998811483383179,0.9992173910140991,0.029109442606568336,0
2259ed19d3c5e493,0.25,101,1,2.57641014502763e-05,4.424441814422607,8.078748078422851,3.157212257385254,0.713584303855896,4.148467063903809,3.6178784370422363,1.756439239299022,0.3969854985036657,0,0.999996542930603,0.9996941685676575,0.019536158069968224,0
2259ed19d3c5e493,0.25,101,2,0.006183600192836702,3.9616785049438477,10.640149621582964,3.0960428714752197,0.7814977765083313,4.287775039672852,3.6422367095947266,1.5324364352418285,0.38681494051813503,0,0.9999787211418152,0.9994910955429077,0.024646280333399773,0
2259ed19d3c5e493,0.25,101,3,0.044745987826592226,3.6880908012390137,12.303892116692786,2.9950411319732666,0.812084436416626,4.577291011810303,3.6232309341430664,1.3780736002877567,0.37365500866323387,0,0.9999400973320007,0.9994518756866455,0.02536848373711109,0
2259ed19d3c5e493,0.25,101,4,0.09389029071649513,3.6292757987976074,11.372514780312466,2.7402126789093018,0.7550301551818848,4.861688613891602,3.482970714569092,1.174881082566099,0.32372328467165307,0,0.9998407959938049,0.9981870651245117,0.029786670580506325,0
88898f1eba9685c7,0.25,102,1,3.732412886536807e-05,4.608498573303223,8.112780312665167,3.398864507675171,0.7375209927558899,4.059953689575195,4.0784101486206055,1.9760653621529856,0.42878723530483936,0,0.9999971985816956,0.9996881484985352,0.019311994314193726,0
88898f1eba9685c7,0.25,102,2,0.00903311750037028,4.127326011657715,11.139476896644368,3.3412892818450928,0.8095530271530151,4.308967113494873,4.0989885330200195,1.7271393511960882,0.41846448434597816,0,0.9999824166297913,0.9994897246360779,0.024526089429855347,0
88898f1eba9685c7,0.25,102,3,0.0657050545205935,3.72408127784729,12.38428957526877,3.028111696243286,0.8131164312362671,4.420936584472656,3.971186399459839,1.4631347011757094,0.39288473908428667,0,0.9999411702156067,0.9992660880088806,0.028051136061549187,0
88898f1eba9685c7,0.25,102,4,0.1898708478091592,3.62692928314209,12.160156330253399,2.728553295135498,0.752303957939148,4.612825393676758,3.8903310298919678,1.2109423422213677,0.3338753660982056,0,0.9998794198036194,0.9992255568504333,0.029363326728343964,0
df3eb89cfa92e68c,0.5,100,1,0.00021133850100540919,4.463775157928467,8.077733554890083,3.2919421195983887,0.7374793887138367,3.867431640625,4.007582664489746,1.9487772799738399,0.43657603956876306,0,0.999997079372406,0.9997347593307495,0.01770782843232155,0
df3eb89cfa92e68c,0.5,100,2,0.03858170789887283,4.002978324890137,10.488642963198462,3.0467591285705566,0.7611230611801147,4.178073406219482,3.8329086303710938,1.4421179908915416,0.36026125395798164,0,0.9999780058860779,0.9996097683906555,0.02127060666680336,0
df3eb89cfa92e68c,0.5,100,3,0.19121934196257862,4.146438121795654,9.704304505887976,2.749648094177246,0.6631349921226501,4.83692741394043,3.777768611907959,1.2996497758207992,0.31343763916051726,0,0.9999330639839172,0.9992685914039612,0.0274182315915823,0
df3eb89cfa92e68c,0.5,100,4,0.33122376962457223,4.563693523406982,7.852419946934971,2.713325023651123,0.594545841217041,5.688728332519531,3.675664186477661,1.0822970101510665,0.23715374500939052,0,0.9998502731323242,0.9992093443870544,0.027538036927580833,0
9902368fc8861db9,0.5,101,1,0.00017433269103361848,4.436721324920654,8.05766794396735,3.150149345397949,0.7100173830986023,4.190345764160156,3.6095731258392334,1.749230288958529,0.3942619247085148,0,0.9999962449073792,0.9996768832206726,0.020161937922239304,0
9902368fc8861db9,0.5,101,2,0.03407023035109524,4.159784317016602,9.88867700283451,3.0205154418945312,0.7261230945587158,4.591076850891113,3.5746076107025146,1.50927725202459,0.36282584312136745,0,0.999976396560669,0.9994746446609497,0.024351678788661957,0
9902368fc8861db9,0.5,101,3,0.1479723540703074,4.293591022491455,9.396297548907604,2.8998911380767822,0.6753999590873718,5.35662317276001,3.5049617290496826,1.3292001704291776,0.3095777318953584,0,0.9999289512634277,0.9992302060127258,0.029486121609807014,0
9902368fc8861db9,0.5,101,4,0.20719490973547938,4.726206302642822,7.396262159050955,2.544750452041626,0.5384340882301331,6.39351224899292,3.3258395195007324,1.07092378013685,0.22659268587958292,0,0.9998357892036438,0.9992082715034485,0.02879074402153492,0
3201d7bdc30129b1,0.5,102,1,0.0001541558649968966,4.620708465576172,8.103693714334746,3.4000892639160156,0.7358372211456299,4.086104393005371,4.059072971343994,1.9743205660526597,0.42727659205534296,0,0.9999969601631165,0.9996886253356934,0.018943630158901215,0
3201d7bdc30129b1,0.5,102,2,0.034877051384914814,4.308964252471924,10.579865568712812,3.296208620071411,0.7649654150009155,4.552542686462402,4.0545244216918945,1.7198053480693942,0.39912267712195415,0,0.9999803900718689,0.9994494915008545,0.025301413610577583,0
3201d7bdc30129b1,0.5,102,3,0.18590846528913396,4.275198459625244,9.857006500540626,3.0158932209014893,0.7054393291473389,5.075582504272461,3.8670945167541504,1.4160080604585774,0.33121457958765776,0,0.9999346733093262,0.9989947080612183,0.029675213620066643,0
3201d7bdc30129b1,0.5,102,4,0.38658288542365127,4.595701694488525,8.19574612251483,2.686889171600342,0.5846526622772217,5.828464508056641,3.690979480743408,1.1688173575597576,0.25432837796271285,0,0.999850869178772,0.999413013458252,0.02637920342385769,0
abbe0a90e83887be,1.0,100,1,0.0015507400425053275,4.501665115356445,8.065535040073447,3.350338935852051,0.744244396686554,3.9523096084594727,3.962170124053955,1.9317081469459199,0.42910969551162753,0,0.9999966025352478,0.9996809959411621,0.019220368936657906,0
abbe0a90e83887be,1.0,100,2,0.13544793572605862,4.552872180938721,8.995041645826452,3.015105962753296,0.662242591381073,4.8524065017700195,3.771211624145508,1.4039224286496672,0.3083597282891881,0,0.9999738931655884,0.9993950128555298,0.02657463774085045,0
abbe0a90e83887be,1.0,100,3,0.33846827136983737,5.503359317779541,6.606267572866667,2.741243600845337,0.49810370802879333,6.630776405334473,3.672595500946045,1.194860313547513,0.2171147193110421,0,0.9999289512634277,0.9993403553962708,0.02733740769326687,0
abbe0a90e83887be,1.0,100,4,0.4293402559043168,7.1041340827941895,5.003877075966727,2.6611013412475586,0.3745848834514618,9.069904327392578,3.5431265830993652,1.1043431482099482,0.15545077490648787,0,0.9998253583908081,0.9992253184318542,0.029436156153678894,0
447430c38f490ba8,1.0,101,1,0.0005759266835777543,4.469895362854004,8.017139076014292,3.163134813308716,0.7076529860496521,4.22237491607666,3.6159868240356445,1.7535555940531409,0.3923034996804724,0,0.9999957084655762,0.9996922612190247,0.019759127870202065,0
447430c38f490ba8,1.0,101,2,0.07585407543069622,4.563338756561279,8.77112262501819,3.078803062438965,0.6746821403503418,5.092737197875977,3.556811571121216,1.5462696574126125,0.3388461255893721,0,0.9999718070030212,0.9995374083518982,0.02255167067050934,0
447430c38f490ba8,1.0,101,3,0.22396738849467168,5.384675025939941,6.87584264855235,3.0012409687042236,0.5573671460151672,6.755374431610107,3.5264601707458496,1.3567679041860876,0.2519683913421037,0,0.9999334812164307,0.9995050430297852,0.023729918524622917,0
447430c38f490ba8,1.0,101,4,0.26812082994828534,6.825479507446289,5.020458520356698,2.585982084274292,0.3788718581199646,9.004806518554688,3.3831591606140137,1.1524520042135764,0.16884557384668777,0,0.9998095631599426,0.9993107914924622,0.027490055188536644,0
a41c6c53c449fe25,1.0,102,1,0.0013156341909210667,4.6553192138671875,8.085399844212771,3.502152919769287,0.7522906064987183,4.147625923156738,4.037417411804199,1.9628999340029543,0.42164668926588333,0,0.9999964833259583,0.9997186064720154,0.01838837005198002,0
a41c6c53c449fe25,1.0,102,2,0.1200953224795811,4.83792781829834,9.15773504317703,3.254500389099121,0.6727054715156555,5.299360752105713,3.9813756942749023,1.6836382207014235,0.34800813156687715,0,0.9999760985374451,0.9995657801628113,0.0230778269469738,0
a41c6c53c449fe25,1.0,102,3,0.33162679226978675,5.713268280029297,6.708875920586405,2.960097312927246,0.5181092619895935,6.706923484802246,3.7333173751831055,1.3496474951907398,0.23623037271125993,0,0.9999082684516907,0.9994588494300842,0.024613847956061363,0
a41c6c53c449fe25,1.0,102,4,0.5020073874258013,7.084755897521973,5.261295967403355,2.631403684616089,0.37141770124435425,8.866580963134766,3.5676116943359375,1.106929023999211,0.1562409545241185,0,0.9997611045837402,0.9993389248847961,0.027820125222206116,0
14bae84ed0bc37a1,2.0,100,1,0.010036059246189555,4.456345558166504,8.149796300070479,3.286496162414551,0.7374868392944336,4.0723981857299805,3.799981117248535,1.8344068632159884,0.4116392769080339,0,0.9999939799308777,0.9996883273124695,0.019511966034770012,0
14bae84ed0bc37a1,2.0,100,2,0.26463151579669963,5.108584403991699,7.555276017832578,2.6531982421875,0.5193607807159424,6.055940628051758,3.339358329772949,1.219708403778985,0.2387566314507675,0,0.9999620318412781,0.9994819760322571,0.02480233646929264,0
14bae84ed0bc37a1,2.0,100,3,0.4315130749470224,6.862730503082275,5.160396615787213,2.2827165126800537,0.3326251208782196,8.97687816619873,3.022489070892334,1.0024048449804255,0.14606501661841637,0,0.9998615980148315,0.9992199540138245,0.02899819239974022,0
14bae84ed0bc37a1,2.0,100,4,0.49138599871106103,9.612211227416992,4.177567504841777,1.8177788257598877,0.18911141157150269,12.326105117797852,2.805729866027832,0.8187325071330958,0.08517629167343077,0,0.999589741230011,0.9993531107902527,0.02691475674510002,0
c138323d6fc0c2a9,2.0,101,1,0.005130071163008565,4.436619281768799,8.001659328578937,3.0667335987091064,0.6912320852279663,4.295055389404297,3.496385335922241,1.6783105234120061,0.3782859012285802,0,0.9999938607215881,0.9997186064720154,0.018881751224398613,0
c138323d6fc0c2a9,2.0,101,2,0.1765641178453854,5.120631694793701,7.349709280961918,2.7127914428710938,0.5297766923904419,6.473806381225586,3.1895415782928467,1.3610462231574356,0.265796547043454,0,0.9999642968177795,0.9989362359046936,0.02620571106672287,0
c138323d6fc0c2a9,2.0,101,3,0.29374102322492945,6.9500532150268555,5.30288832746054,2.314779758453369,0.33305928111076355,9.309361457824707,3.0542306900024414,1.087040423336184,0.15640749641828225,0,0.9998590350151062,0.9995572566986084,0.021730633452534676,0
c138323d6fc0c2a9,2.0,101,4,0.3126439152294175,9.517395973205566,4.319446198997641,1.9588872194290161,0.20582176744937897,12.921792984008789,2.8802402019500732,0.8649277151233171,0.09087860981705059,0,0.9995649456977844,0.999269425868988,0.026876848191022873,0
faecded5ac70c2dd,2.0,102,1,0.01291531705296578,4.572715759277344,8.199170291937307,3.317995071411133,0.7256070971488953,4.34791898727417,3.7979798316955566,1.8303070827494077,0.40026697024322877,0,0.9999947547912598,0.9997004270553589,0.018852589651942253,0
faecded5ac70c2dd,2.0,102,2,0.2621497582723996,5.412091255187988,7.615308406582705,2.7284882068634033,0.5041467547416687,6.758308410644531,3.3783841133117676,1.3683710091802317,0.2528359084611742,0,0.9999578595161438,0.9994530081748962,0.025826845318078995,0
faecded5ac70c2dd,2.0,102,3,0.43150243048246706,7.30063009262085,5.400438752117687,2.299760341644287,0.3150084614753723,9.255683898925781,3.020718574523926,1.131517566836243,0.15498902868396663,0,0.9998174905776978,0.9991909265518188,0.02786564826965332,0
faecded5ac70c2dd,2.0,102,4,0.5761767070402284,9.805781364440918,4.443572953475185,1.9290709495544434,0.19672791659832,11.988569259643555,2.7707889080047607,0.8784377048445065,0.08958365194945289,0,0.9995898604393005,0.9992198348045349,0.028897779062390327,0
15fb6d66d15e5af6,4.0,100,1,0.013683107948234019,4.558575630187988,8.032411746041058,3.364259719848633,0.7380067706108093,4.179350852966309,3.8372936248779297,1.853039183878992,0.4064952156563377,0,0.9999938607215881,0.9997060298919678,0.018684696406126022,0
15fb6d66d15e5af6,4.0,100,2,0.2980928596187511,6.013230323791504,6.355321909950542,2.8129868507385254,0.4677996039390564,6.787426948547363,3.5733771324157715,1.2730153054780222,0.211702402357898,0,0.9999643564224243,0.9995488524436951,0.02291017957031727,0
15fb6d66d15e5af6,4.0,100,3,0.44307139975551413,9.477473258972168,4.166277666908755,2.389901876449585,0.2521665692329407,11.239545822143555,3.333590030670166,1.1044883111196222,0.1165382672089337,0,0.9998754262924194,0.9994139671325684,0.02585609443485737,0
15fb6d66d15e5af6,4.0,100,4,0.4843229970692111,15.657824516296387,3.504964102654684,2.3149595260620117,0.14784681797027588,16.810197830200195,3.267993927001953,1.0072527522770576,0.06432903569897125,0,0.9996615052223206,0.9991660714149475,0.028490543365478516,0
00434208b90942e2,4.0,101,1,0.009919002367123952,4.525856971740723,7.86164514524472,3.0645499229431152,0.6771203875541687,4.454315185546875,3.4705214500427246,1.6843286756004325,0.37215685031968887,0,0.9999929070472717,0.9997538924217224,0.01753821410238743,0
00434208b90942e2,4.0,101,2,0.209809373137406,6.132508754730225,6.129245422999861,2.7626757621765137,0.4504968225955963,7.6623992919921875,3.2549047470092773,1.4022805794331812,0.2286634451767479,0,0.9999525547027588,0.9994277358055115,0.02580481395125389,0
00434208b90942e2,4.0,101,3,0.3166451730425135,9.83432388305664,4.321133509565283,2.3995201587677,0.24399441480636597,12.823713302612305,3.2366855144500732,1.1009965415978982,0.11195447238572069,0,0.9998166561126709,0.9995424747467041,0.02320898324251175,0
00434208b90942e2,4.0,101,4,0.3202216905293295,16.244924545288086,3.643242582331214,2.0512847900390625,0.12627235054969788,19.749549865722656,3.172738552093506,0.9412772445254834,0.05794285112875487,0,0.9993311762809753,0.9986605048179626,0.030013853684067726,0
a07a5875262001f9,4.0,102,1,0.012239815599422887,4.656724452972412,8.088862018045477,3.337125539779663,0.7166250944137573,4.377528667449951,3.86553692817688,1.8727174346207147,0.40215337057904493,0,0.9999952912330627,0.9996803998947144,0.019885968416929245,0
a07a5875262001f9,4.0,102,2,0.26823342038344244,6.089654445648193,6.620278035281326,2.83288836479187,0.4651969075202942,7.015130996704102,3.578141212463379,1.4720100125530615,0.24172307734226095,0,0.9999575018882751,0.9994308948516846,0.025829073041677475,0
a07a5875262001f9,4.0,102,3,0.4198244244850916,9.322803497314453,4.437511057160905,2.4088356494903564,0.25838103890419006,10.375752449035645,3.3045647144317627,1.2055745853312092,0.12931459787589533,0,0.999855637550354,0.9991332292556763,0.02579512819647789,0
a07a5875262001f9,4.0,102,4,0.5548293281841903,14.227911949157715,3.741178339934787,2.0798239707946777,0.14617913961410522,15.179886817932129,3.0972962379455566,1.0304221900255959,0.07242258693388923,0,0.9995244145393372,0.9992635250091553,0.028453193604946136,0
824e82124121e1fc,8.0,100,1,0.02198942391168246,4.684967517852783,7.888802714120515,3.338287830352783,0.7125530242919922,4.33301305770874,3.844057559967041,1.8491422473382093,0.39469691951796265,0,0.9999938011169434,0.9997615218162537,0.016747739166021347,0
824e82124121e1fc,8.0,100,2,0.3298508020271048,7.248377323150635,5.337435354360832,2.8643693923950195,0.3951738774776459,8.229104995727539,3.6172826290130615,1.3065353404857176,0.180252114678518,0,0.9999595880508423,0.9994298219680786,0.02472723461687565,0
824e82124121e1fc,8.0,100,3,0.44805236139199744,13.57297420501709,3.520581066742492,2.5041356086730957,0.1844942420721054,15.791452407836914,3.521172523498535,1.1748537995091681,0.08655831667866114,0,0.9998520612716675,0.9993581175804138,0.02609003707766533,0
824e82124121e1fc,8.0,100,4,0.4832258296004607,26.672679901123047,3.133356956165791,2.274280548095703,0.08526629209518433,30.311431884765625,3.587907314300537,1.1191458057956274,0.041958506229758566,0,0.9995123147964478,0.9990915656089783,0.031877320259809494,0
376e4b0b9c45e25b,8.0,101,1,0.014149093002504665,4.632676124572754,7.705361908144695,3.049895763397217,0.6583442687988281,4.56839656829834,3.4893951416015625,1.6776019545444785,0.3621237292298724,0,0.9999935030937195,0.9997588992118835,0.017325561493635178,0
376e4b0b9c45e25b,8.0,101,2,0.22588693509882918,7.205451011657715,5.262029910332988,2.8009071350097656,0.3887205719947815,8.676518440246582,3.3450229167938232,1.4438318744963121,0.20038049973004235,0,0.9999544620513916,0.9995015859603882,0.024287238717079163,0
376e4b0b9c45e25b,8.0,101,3,0.31202423791830514,13.378500938415527,3.600523841449074,2.521676778793335,0.188487246632576,16.240848541259766,3.2939698696136475,1.1432994448434908,0.08545796349728377,0,0.9998177289962769,0.9994791150093079,0.02425428479909897,0
376e4b0b9c45e25b,8.0,101,4,0.3070816192944258,25.39627456665039,3.207495065872009,2.211897373199463,0.08709535002708435,28.905029296875,3.3192224502563477,1.0433415400477561,0.04108246417440455,0,0.9992889761924744,0.9990316033363342,0.033284641802310944,0
988f5b3148592319,8.0,102,1,0.03114322308390538,4.7754435539245605,7.897107534762932,3.2312510013580322,0.6766389012336731,4.671995162963867,3.75915265083313,1.8241788495800186,0.38199150068078386,0,0.9999939799308777,0.9996907711029053,0.01960158534348011,0
988f5b3148592319,8.0,102,2,0.31758071973676705,7.623835563659668,5.272575587290684,2.7627131938934326,0.36237838864326477,8.815797805786133,3.4674320220947266,1.375245566152423,0.18038762177764814,0,0.9999479651451111,0.9995130896568298,0.02384614385664463,0
988f5b3148592319,8.0,102,3,0.43941892238437885,14.101541519165039,3.5980671068953427,2.3205840587615967,0.1645624339580536,15.376665115356445,3.2199559211730957,1.2326290971012006,0.08741094691143989,0,0.999774158000946,0.9993458390235901,0.025902291759848595,0
988f5b3148592319,8.0,102,4,0.5708191490974559,26.510740280151367,3.2705700445083314,2.0319643020629883,0.0766468346118927,26.772296905517578,3.2916531562805176,1.0178931703519725,0.03839550158145039,0,0.9991944432258606,0.9991297125816345,0.03080255165696144,0
6ed531ec9e961079,16.0,100,1,0.03099436598426586,4.845035076141357,7.695638847356206,3.3443050384521484,0.6902540326118469,4.4968767166137695,3.883267641067505,1.8886499982555136,0.3898114190247837,0,0.9999937415122986,0.9997586011886597,0.017746226862072945,0
6ed531ec9e961079,16.0,100,2,0.3547973356273644,8.668931007385254,4.550696174191966,3.0059642791748047,0.3467514216899872,9.549671173095703,3.7642180919647217,1.4081153495690115,0.1624324092981484,0,0.9999556541442871,0.9994625449180603,0.024691928178071976,0
6ed531ec9e961079,16.0,100,3,0.4559475831214831,18.98295783996582,3.0685485741779357,2.6688411235809326,0.14059142768383026,20.42821502685547,3.7877440452575684,1.2679993399019958,0.06679672106906386,0,0.9998283982276917,0.99943608045578,0.025688979774713516,0
6ed531ec9e961079,16.0,100,4,0.4811422130157845,43.05906295776367,2.8673819568428724,2.5186734199523926,0.05849345773458481,43.30400848388672,4.210224151611328,1.2738093374598933,0.02958283924360741,0,0.9992238879203796,0.9989138245582581,0.035575516521930695,0
8a6e7b2fa8a1410d,16.0,101,1,0.02055831315136447,4.822271823883057,7.463804910400201,3.102104663848877,0.6432870030403137,4.7815842628479,3.543147087097168,1.7028754606664533,0.35312722361122323,0,0.9999932646751404,0.9997517466545105,0.01753542385995388,0
8a6e7b2fa8a1410d,16.0,101,2,0.24405950444760072,8.952271461486816,4.371091530532757,2.999420642852783,0.3350457549095154,10.408580780029297,3.4898929595947266,1.5482549737259013,0.17294548991131276,0,0.9999537467956543,0.9995741844177246,0.022421984001994133,0
8a6e7b2fa8a1410d,16.0,101,3,0.3183905099411358,20.15163230895996,3.047789364164856,2.802438259124756,0.13906756043434143,22.509401321411133,3.5659852027893066,1.308648152894659,0.06494005710459487,0,0.9997926354408264,0.9992126226425171,0.028254417702555656,0
8a6e7b2fa8a1410d,16.0,101,4,0.3112941238247008,46.29905319213867,2.8450302596707515,2.488011598587036,0.05373784899711609,48.75323486328125,3.9059064388275146,1.2822025658970995,0.02769392627914064,0,0.9987412095069885,0.9979203939437866,0.034713685512542725,0
000153c8cbea930d,16.0,102,1,0.06759969128481347,4.961235523223877,7.549043339174377,3.0553271770477295,0.615839958190918,5.039390563964844,3.5915470123291016,1.7426369389699483,0.35125059691533445,0,0.9999909400939941,0.9996187090873718,0.021701758727431297,0
000153c8cbea930d,16.0,102,2,0.34969571448461834,10.072614669799805,4.209198206707081,2.5161654949188232,0.2498026192188263,11.01223373413086,3.3530378341674805,1.2808175482842916,0.12715839831781714,0,0.9999277591705322,0.9993625283241272,0.026160314679145813,0
000153c8cbea930d,16.0,102,3,0.4548737252392234,23.20792579650879,3.049812527088636,2.272681951522827,0.09792697429656982,22.344924926757812,3.1544854640960693,1.1560343904509092,0.0498120513046803,0,0.9996044635772705,0.9988058805465698,0.02922767773270607,0
000153c8cbea930d,16.0,102,4,0.575645157802459,54.50126266479492,2.939370898198451,2.0803005695343018,0.03816976770758629,45.11570739746094,3.5791120529174805,1.0475183954726563,0.019220075724030897,0,0.9986240863800049,0.9981934428215027,0.04011650010943413,0
d0202743004caa01,32.0,100,1,0.0748427494772903,5.0465545654296875,7.367315088030899,3.228086471557617,0.6396614909172058,4.9068498611450195,3.731743335723877,1.7953741885012595,0.3557623652382708,0,0.9999914765357971,0.9997171759605408,0.01821088045835495,0
d0202743004caa01,32.0,100,2,0.38995729951694624,11.29459285736084,3.7634914110692197,2.713240623474121,0.24022473394870758,11.99254322052002,3.565772533416748,1.3221375436145943,0.11705933629585766,0,0.9999259114265442,0.9991126656532288,0.024968154728412628,0
d0202743004caa01,32.0,100,3,0.4641555248702952,29.60573387145996,2.844573563222225,2.515570878982544,0.08496904373168945,28.198062896728516,3.5823488235473633,1.1760166491847335,0.039722597463406166,0,0.9996899366378784,0.9994181394577026,0.025721583515405655,0
d0202743004caa01,32.0,100,4,0.4900163218408685,79.17767333984375,2.810468814875692,2.3711159229278564,0.02994677424430847,69.68135070800781,4.514497756958008,1.1789518904504204,0.014889953704375255,0,0.9985223412513733,0.9983562231063843,0.04439428076148033,0
102e1b18f8d574d8,32.0,101,1,0.032325459964943626,5.024280548095703,7.191747697897817,3.0993833541870117,0.6168810129165649,5.021460056304932,3.5431466102600098,1.730871999196539,0.34450146297116546,0,0.9999927282333374,0.9997192621231079,0.01843315176665783,0
102e1b18f8d574d8,32.0,101,2,0.26858270642643,11.01714038848877,3.764831500351516,3.041579246520996,0.276077002286911,12.53955078125,3.562232494354248,1.5947576150958789,0.14475240932412528,0,0.9999454617500305,0.9995517134666443,0.023378795012831688,0
102e1b18f8d574d8,32.0,101,3,0.3294482353444135,29.118223190307617,2.7927269169683706,2.8295929431915283,0.09717601537704468,31.868263244628906,3.8328733444213867,1.5083715541165554,0.051801634469875096,0,0.9997657537460327,0.9990463852882385,0.03342899680137634,0
102e1b18f8d574d8,32.0,101,4,0.3164019736272794,77.67579650878906,2.714908455889372,2.476799249649048,0.03188636898994446,80.97297668457031,4.832456588745117,1.5036975108746629,0.019358636518191592,0,0.9987960457801819,0.9985970854759216,0.04150758311152458,0
f0e67c220a790608,32.0,102,1,0.10479521002781267,5.274522304534912,7.049712889408423,2.938992500305176,0.5572054386138916,5.535140037536621,3.491718292236328,1.6976271494048092,0.32185419861533787,0,0.9999890327453613,0.9997180104255676,0.018863534554839134,0
f0e67c220a790608,32.0,102,2,0.36235043014914603,12.978217124938965,3.5492975958067268,2.5560874938964844,0.19695213437080383,13.732431411743164,3.3051156997680664,1.373936135308344,0.10586478266480731,0,0.999913215637207,0.9995083212852478,0.023506365716457367,0
f0e67c220a790608,32.0,102,3,0.45785995327603535,34.9839973449707,2.7658163527913775,2.2468008995056152,0.06422367691993713,31.456092834472656,3.307116985321045,1.3091741266491408,0.037422085124796285,0,0.999369740486145,0.9990038275718689,0.03244132176041603,0
f0e67c220a790608,32.0,102,4,0.5699815628582973,94.150390625,2.803070265188161,2.1711323261260986,0.023060258477926254,76.13890075683594,4.580405235290527,1.3939564866583614,0.01480563678392451,0,0.9956335425376892,0.9960659146308899,0.06189260259270668,0
546cd840819190c6,64.0,100,1,0.05403587716206237,5.289018154144287,7.230472396345843,3.4728384017944336,0.6566130518913269,4.978487014770508,3.994894504547119,1.9780283764654725,0.3739878213342035,0,0.9999940395355225,0.999729335308075,0.018291622400283813,0
546cd840819190c6,64.0,100,2,0.3839739498250839,12.822112083435059,3.4972707087984842,3.285322904586792,0.25622323155403137,13.61976146697998,4.1225738525390625,1.6165897393433029,0.12607827234888877,0,0.9999507069587708,0.9994609355926514,0.024834105744957924,0
546cd840819190c6,64.0,100,3,0.4597833054840933,38.81016540527344,2.620316011465717,3.2212600708007812,0.08300042152404785,41.254241943359375,4.716048240661621,1.56081131824051,0.04021655929424177,0,0.9997397661209106,0.9993391036987305,0.024401521310210228,0
546cd840819190c6,64.0,100,4,0.47902972588028114,118.82649993896484,2.572777425239836,3.3837270736694336,0.028476199135184288,121.45988464355469,7.505162715911865,1.8224606465929876,0.015337156674050766,0,0.9986120462417603,0.9981253743171692,0.042971137911081314,0
d7d6c37388913fc1,64.0,101,1,0.04030040881235519,5.2108893394470215,6.976072066087992,3.1340718269348145,0.6014466285705566,5.2275285720825195,3.5826382637023926,1.7361752971958295,0.33318214686556213,0,0.9999923706054688,0.9996727108955383,0.02008095197379589,0
d7d6c37388913fc1,64.0,101,2,0.2742055956873798,12.908574104309082,3.468814490788784,3.1170177459716797,0.24146878719329834,14.289124488830566,3.6765103340148926,1.7020424995735073,0.13185364129453608,0,0.9999474287033081,0.999570369720459,0.021408269181847572,0
d7d6c37388913fc1,64.0,101,3,0.3268727895624355,38.397613525390625,2.682761742509328,2.9757790565490723,0.07749906182289124,40.688743591308594,4.109726428985596,1.6818190314825188,0.04380009268988572,0,0.9997212886810303,0.9991635680198669,0.03182847052812576,0
d7d6c37388913fc1,64.0,101,4,0.3123022518402857,114.04591369628906,2.6440929458094176,2.7411389350891113,0.024035397917032242,115.85502624511719,6.203740119934082,1.7151387950073367,0.015039020157923865,0,0.9986226558685303,0.9987847208976746,0.03838743641972542,0
ee39f36355f2e82c,64.0,102,1,0.07990830358343204,5.459512233734131,6.989193694324667,3.3142099380493164,0.6070523858070374,5.492077350616455,3.7972145080566406,1.8785953334767729,0.3440958190127315,0,0.9999923706054688,0.999673068523407,0.019820427522063255,0
ee39f36355f2e82c,64.0,102,2,0.3573701717475023,14.41882038116455,3.3824087823478086,3.0329880714416504,0.21034924685955048,15.534769058227539,3.7709054946899414,1.5483620307124237,0.10738479222163448,0,0.9999346137046814,0.9995436668395996,0.023938484489917755,0
ee39f36355f2e82c,64.0,102,3,0.4407161782099278,44.54267501831055,2.6395110068965266,2.7103259563446045,0.060847848653793335,40.71943283081055,3.897885799407959,1.3737687039756858,0.030841630041549117,0,0.9993904829025269,0.9991462230682373,0.03166820481419563,0
ee39f36355f2e82c,64.0,102,4,0.5582871079878496,138.28919982910156,2.629704209339925,2.6459596157073975,0.019133523106575012,111.63438415527344,5.904959201812744,1.4019872977918708,0.010138082363080076,0,0.9967275857925415,0.9975509643554688,0.05174284428358078,0
01efbeb017e5032b,128.0,100,1,0.11824960788328365,5.665735721588135,6.658600237464047,3.342496395111084,0.5899492502212524,5.571501731872559,3.780672073364258,1.9195368785237306,0.33879746123874527,0,0.9999924302101135,0.9997177720069885,0.018598075956106186,0
01efbeb017e5032b,128.0,100,2,0.40705555770618973,17.471830368041992,3.072514081375003,2.9381399154663086,0.16816440224647522,17.859111785888672,3.744703769683838,1.5079860739317636,0.0863095647202508,0,0.9999213218688965,0.9995845556259155,0.020928824320435524,0
01efbeb017e5032b,128.0,100,3,0.4675992866764084,63.2722053527832,2.5530456377119175,2.7637667655944824,0.0436805821955204,57.83414840698242,4.3186774253845215,1.3398335392244611,0.02117570474672138,0,0.9994183778762817,0.9990111589431763,0.0332835391163826,0
01efbeb017e5032b,128.0,100,4,0.4895433757439557,231.14352416992188,2.5789720970224304,2.7713849544525146,0.011989887803792953,185.32821655273438,8.393390655517578,1.4374830855235432,0.006219006527160146,0,0.9956399202346802,0.9942925572395325,0.0806720182299614,0
1a58e01331b6d822,128.0,101,1,0.0741965362790622,5.558295249938965,6.419912986832364,2.9691264629364014,0.5341793298721313,5.727757930755615,3.4483749866485596,1.655172424825671,0.29778418568964043,0,0.9999900460243225,0.9997206926345825,0.018294939771294594,0
1a58e01331b6d822,128.0,101,2,0.2803379104152204,17.000629425048828,3.1448137340800657,2.859553575515747,0.16820280253887177,18.65749740600586,3.393744468688965,1.5530727153820898,0.09135383617584084,0,0.9999158978462219,0.9996185302734375,0.020495418459177017,0
1a58e01331b6d822,128.0,101,3,0.3293378981966074,59.71582794189453,2.627677343014787,2.708148717880249,0.04535060003399849,57.83070755004883,4.033724784851074,1.4501149285131993,0.024283594123893065,0,0.9995306730270386,0.9974129796028137,0.040999311953783035,0
1a58e01331b6d822,128.0,101,4,0.30973619985261536,208.64927673339844,2.6357387196832844,2.5329976081848145,0.012139977887272835,185.72744750976562,8.080460548400879,1.2593139981515256,0.006035554102402251,0,0.9956561923027039,0.995465099811554,0.0718989223241806,0
238cab0c8ae95463,128.0,102,1,0.15538356193479652,6.072967529296875,6.153925117408882,2.936333417892456,0.483508825302124,6.516962051391602,3.480271816253662,1.7082918065922004,0.2812944081046298,0,0.9999871253967285,0.9996845126152039,0.019889511168003082,0
238cab0c8ae95463,128.0,102,2,0.37097584296318886,20.457075119018555,3.0208047428901517,2.7840940952301025,0.13609443604946136,21.01280975341797,3.475851058959961,1.5428562038988747,0.0754191982442549,0,0.9999067187309265,0.9994962811470032,0.024391494691371918,0
238cab0c8ae95463,128.0,102,3,0.45815475631553626,75.49745178222656,2.5738630358246746,2.607469320297241,0.0345371849834919,64.62906646728516,4.179819107055664,1.6394382870699804,0.021715147311182934,0,0.99891197681427,0.998359739780426,0.038453031331300735,0
238cab0c8ae95463,128.0,102,4,0.5702373205518199,279.7264099121094,2.6107553374134578,2.4860141277313232,0.008887305855751038,218.65016174316406,9.74038314819336,2.4101197414802473,0.008615989252632641,0,0.9923850893974304,0.9829698204994202,0.125542551279068,0
