gamma,seed,layer,noise_level,training_rms,coordinate_noise_sd,angular_cosine,angular_mae
0.03125,100,4,0.0,2.9126267002195547,0.0,0.999859560105245,0.013489453657748108
0.03125,100,4,0.001,2.9126267002195547,0.00018203916876372218,0.9998574218776674,0.0136143324356966
0.03125,100,4,0.01,2.9126267002195547,0.0018203916876372217,0.999849267289424,0.014075026164775857
0.03125,100,4,0.1,2.9126267002195547,0.01820391687637222,0.9995953335617955,0.023077803924123588
0.03125,101,4,0.0,3.054025228753665,0.0,0.9998545916151081,0.013479922699957094
0.03125,101,4,0.001,3.054025228753665,0.00019087657679710406,0.9998538860219652,0.013516615897951844
0.03125,101,4,0.01,3.054025228753665,0.0019087657679710407,0.9998442692463987,0.013937835281580144
0.03125,101,4,0.1,3.054025228753665,0.019087657679710407,0.9995390559920372,0.023892707165571018
0.03125,102,4,0.0,2.9223710073394797,0.0,0.9998871010162724,0.011790508294905739
0.03125,102,4,0.001,2.9223710073394797,0.00018264818795871748,0.9998849226125811,0.011938359475318282
0.03125,102,4,0.01,2.9223710073394797,0.0018264818795871748,0.9998806425104023,0.01223001799456665
0.03125,102,4,0.1,2.9223710073394797,0.01826481879587175,0.9996612861777209,0.020620005017548685
0.0625,100,4,0.0,2.9797862705007594,0.0,0.9998581098609917,0.013345256337919088
0.0625,100,4,0.001,2.9797862705007594,0.00018623664190629745,0.9998571489395932,0.013383165479725958
0.0625,100,4,0.01,2.9797862705007594,0.0018623664190629747,0.9998484170786878,0.013947420855557318
0.0625,100,4,0.1,2.9797862705007594,0.018623664190629746,0.9995936060816729,0.023014166708283896
0.0625,101,4,0.0,3.109688976208832,0.0,0.9998570403981303,0.013542421748953636
0.0625,101,4,0.001,3.109688976208832,0.000194355561013052,0.9998563911910276,0.01358167582894374
0.0625,101,4,0.01,3.109688976208832,0.00194355561013052,0.9998490266102633,0.013897194926636835
0.0625,101,4,0.1,3.109688976208832,0.0194355561013052,0.9995255799221302,0.02444559045014632
0.0625,102,4,0.0,2.9487976450526494,0.0,0.9998897144178731,0.011767337988481865
0.0625,102,4,0.001,2.9487976450526494,0.00018429985281579058,0.999888291769598,0.011865708050249708
0.0625,102,4,0.01,2.9487976450526494,0.0018429985281579059,0.9998828680646248,0.012205947869174708
0.0625,102,4,0.1,2.9487976450526494,0.018429985281579058,0.9996518927923467,0.021158636395343853
0.125,100,4,0.0,3.2137242621815503,0.0,0.9998705103880045,0.012700719401610687
0.125,100,4,0.001,3.2137242621815503,0.00020085776638634689,0.9998686134916843,0.012768041243772793
0.125,100,4,0.01,3.2137242621815503,0.002008577663863469,0.9998628045616037,0.013086168959113312
0.125,100,4,0.1,3.2137242621815503,0.02008577663863469,0.9995799733410285,0.022862046564839617
0.125,101,4,0.0,3.301129409766218,0.0,0.9998464755020268,0.013944497647380214
0.125,101,4,0.001,3.301129409766218,0.0002063205881103886,0.999846063051178,0.013931398925221558
0.125,101,4,0.01,3.301129409766218,0.0020632058811038863,0.9998382987305583,0.014251337048698859
0.125,101,4,0.1,3.301129409766218,0.020632058811038863,0.9994734402597883,0.026007869524349404
0.125,102,4,0.0,3.0896213562159276,0.0,0.9998886316420981,0.011905927082483886
0.125,102,4,0.001,3.0896213562159276,0.00019310133476349548,0.9998882042480423,0.01191996716551207
0.125,102,4,0.01,3.0896213562159276,0.0019310133476349548,0.9998810155569391,0.012351858565055317
0.125,102,4,0.1,3.0896213562159276,0.01931013347634955,0.999611628398381,0.022551523180496802
0.25,100,4,0.0,3.677150818166597,0.0,0.9998811602413907,0.012026932515827858
0.25,100,4,0.001,3.677150818166597,0.00022982192613541232,0.9998799107951525,0.012086310991731665
0.25,100,4,0.01,3.677150818166597,0.002298219261354123,0.9998692741349425,0.012624003795365338
0.25,100,4,0.1,3.677150818166597,0.02298219261354123,0.9994996394539651,0.025136446035576576
0.25,101,4,0.0,3.630817105339267,0.0,0.9998407923669688,0.013920959159911664
0.25,101,4,0.001,3.630817105339267,0.00022692606908370419,0.9998405685756786,0.013913439959051406
0.25,101,4,0.01,3.630817105339267,0.002269260690837042,0.9998305742262428,0.014493257945098252
0.25,101,4,0.1,3.630817105339267,0.02269260690837042,0.9993802456548315,0.027941480218635788
0.25,102,4,0.0,3.6295581819156477,0.0,0.9998793880523701,0.012157481095978768
0.25,102,4,0.001,3.6295581819156477,0.00022684738636972798,0.9998769314425247,0.012268438576297544
0.25,102,4,0.01,3.6295581819156477,0.00226847386369728,0.9998677953379096,0.012754856221566623
0.25,102,4,0.1,3.6295581819156477,0.0226847386369728,0.9995145104294269,0.024956760502533985
0.5,100,4,0.0,4.560004631751513,0.0,0.9998502881945968,0.01381616260646021
0.5,100,4,0.001,4.560004631751513,0.00028500028948446953,0.9998493912500396,0.013835103822402429
0.5,100,4,0.01,4.560004631751513,0.0028500028948446952,0.9998334965398,0.014524950442419571
0.5,100,4,0.1,4.560004631751513,0.028500028948446957,0.9991955522292139,0.0319467843560638
0.5,101,4,0.0,4.730732806989004,0.0,0.9998357990345258,0.014117686036306778
0.5,101,4,0.001,4.730732806989004,0.00029567080043681274,0.9998340220900496,0.014134947335009983
0.5,101,4,0.01,4.730732806989004,0.0029567080043681276,0.9998121286934879,0.014975724643632308
0.5,101,4,0.1,4.730732806989004,0.029567080043681276,0.9990325766743945,0.03493061359485677
0.5,102,4,0.0,4.598480647558068,0.0,0.9998509150175103,0.013568788711726629
0.5,102,4,0.001,4.598480647558068,0.00028740504047237926,0.9998493751982321,0.013638448136687015
0.5,102,4,0.01,4.598480647558068,0.0028740504047237926,0.999835071679549,0.014409306766126643
0.5,102,4,0.1,4.598480647558068,0.028740504047237925,0.999260012016255,0.030553838578230682
1.0,100,4,0.0,7.104337732406591,0.0,0.9998254174287962,0.014654973007969987
1.0,100,4,0.001,7.104337732406591,0.0004440211082754119,0.999823578038642,0.014716755151866993
1.0,100,4,0.01,7.104337732406591,0.004440211082754119,0.9997933976365744,0.015935397885485723
1.0,100,4,0.1,7.104337732406591,0.0444021108275412,0.9984486591934854,0.044167390193043304
1.0,101,4,0.0,6.828640025792728,0.0,0.9998096186762189,0.01551329094467703
1.0,101,4,0.001,6.828640025792728,0.0004267900016120455,0.9998088262836969,0.01556336380138349
1.0,101,4,0.01,6.828640025792728,0.0042679000161204555,0.9997839610573145,0.01660589093168222
1.0,101,4,0.1,6.828640025792728,0.04267900016120455,0.9984521005327801,0.044187375065408006
1.0,102,4,0.0,7.0933187415359065,0.0,0.999761133666697,0.017455591414095847
1.0,102,4,0.001,7.0933187415359065,0.0004433324213459942,0.999756730993529,0.017587594890585742
1.0,102,4,0.01,7.0933187415359065,0.004433324213459941,0.9997276371244087,0.01867889290514114
1.0,102,4,0.1,7.0933187415359065,0.04433324213459942,0.9984939396970062,0.043988431874107975
2.0,100,4,0.0,9.629112855535697,0.0,0.9995896515227771,0.022570816264223616
2.0,100,4,0.001,9.629112855535697,0.000601819553470981,0.999585322260029,0.022669285082091022
2.0,100,4,0.01,9.629112855535697,0.006018195534709811,0.9994828596482824,0.025394508353131933
2.0,100,4,0.1,9.629112855535697,0.06018195534709811,0.9950965732302536,0.07878866591337101
2.0,101,4,0.0,9.538571707518306,0.0,0.9995649313343429,0.023265645658982894
2.0,101,4,0.001,9.538571707518306,0.0005961607317198942,0.9995673001254322,0.023227789875243456
2.0,101,4,0.01,9.538571707518306,0.0059616073171989414,0.9994889959251002,0.02524614403254334
2.0,101,4,0.1,9.538571707518306,0.059616073171989414,0.995318282552382,0.07750914390058687
2.0,102,4,0.0,9.835969499081951,0.0,0.9995899828300516,0.02180999626331822
2.0,102,4,0.001,9.835969499081951,0.0006147480936926219,0.9995853539595168,0.02196737711233154
2.0,102,4,0.01,9.835969499081951,0.00614748093692622,0.9995076400537091,0.02404931176907096
2.0,102,4,0.1,9.835969499081951,0.061474809369262196,0.9951323865313768,0.0794065795179085
4.0,100,4,0.0,15.677524021036175,0.0,0.9996618915983035,0.020371482160835064
4.0,100,4,0.001,15.677524021036175,0.000979845251314761,0.9996581776271561,0.020420780756070133
4.0,100,4,0.01,15.677524021036175,0.00979845251314761,0.9994864583584745,0.02546720732585644
4.0,100,4,0.1,15.677524021036175,0.0979845251314761,0.9927487685968126,0.09607714268241643
4.0,101,4,0.0,16.294500763928017,0.0,0.9993309383538024,0.02831486711556762
4.0,101,4,0.001,16.294500763928017,0.0010184062977455011,0.9993112554099162,0.02867667125559076
4.0,101,4,0.01,16.294500763928017,0.010184062977455012,0.9991133357815586,0.03313399931262231
4.0,101,4,0.1,16.294500763928017,0.1018406297745501,0.9903778156147802,0.11134236624761056
4.0,102,4,0.0,14.248407640568468,0.0,0.9995242321145701,0.0243689737363155
4.0,102,4,0.001,14.248407640568468,0.0008905254775355292,0.9995120485779239,0.024712264329768776
4.0,102,4,0.01,14.248407640568468,0.008905254775355293,0.9993410092656994,0.02901977862315209
4.0,102,4,0.1,14.248407640568468,0.08905254775355292,0.9932907561463519,0.09204254897185656
8.0,100,4,0.0,26.70554275175273,0.0,0.9995126587570535,0.02474701477932818
8.0,100,4,0.001,26.70554275175273,0.0016690964219845457,0.9995014703356188,0.025153857930846117
8.0,100,4,0.01,26.70554275175273,0.016690964219845457,0.9992518398176364,0.030704208896999898
8.0,100,4,0.1,26.70554275175273,0.16690964219845458,0.9850560689473775,0.13593051405563128
8.0,101,4,0.0,25.451025173525103,0.0,0.9992881336273265,0.029542972542462208
8.0,101,4,0.001,25.451025173525103,0.001590689073345319,0.9992841825100777,0.029799484752953822
8.0,101,4,0.01,25.451025173525103,0.01590689073345319,0.9989405319539023,0.036637134802344117
8.0,101,4,0.1,25.451025173525103,0.1590689073345319,0.9823262071886697,0.15011458508423395
8.0,102,4,0.0,26.60514364112177,0.0,0.9991948343043334,0.03150393927763136
8.0,102,4,0.001,26.60514364112177,0.0016628214775701107,0.999173830199129,0.03199307967170464
8.0,102,4,0.01,26.60514364112177,0.016628214775701106,0.9986945535564953,0.040848376362756254
8.0,102,4,0.1,26.60514364112177,0.16628214775701108,0.9801495785056124,0.15880015117671434
16.0,100,4,0.0,43.10624817377034,0.0,0.9992238351813261,0.031784564562077844
16.0,100,4,0.001,43.10624817377034,0.002694140510860646,0.9992047457451727,0.03197781503509975
16.0,100,4,0.01,43.10624817377034,0.026941405108606462,0.9986931413342586,0.04000828709436982
16.0,100,4,0.1,43.10624817377034,0.26941405108606464,0.9707353705022225,0.18858853095670566
16.0,101,4,0.0,46.311499426812226,0.0,0.9987431930916826,0.031875792307044924
16.0,101,4,0.001,46.311499426812226,0.002894468714175764,0.9991937872957886,0.03128025065614276
16.0,101,4,0.01,46.311499426812226,0.02894468714175764,0.998396821134261,0.04437823438712691
16.0,101,4,0.1,46.311499426812226,0.2894468714175764,0.959985149056568,0.2233484636233693
16.0,102,4,0.0,54.682865586182025,0.0,0.9986238393391874,0.04123811434486419
16.0,102,4,0.001,54.682865586182025,0.0034176790991363765,0.9985446819503313,0.04245346176348844
16.0,102,4,0.01,54.682865586182025,0.03417679099136377,0.9970504965088938,0.061177203858123676
16.0,102,4,0.1,54.682865586182025,0.3417679099136377,0.9132841092246705,0.3278836766948928
32.0,100,4,0.0,79.2855334722933,0.0,0.9985226866250252,0.042726363218596776
32.0,100,4,0.001,79.2855334722933,0.004955345842018331,0.9984703612865828,0.043448850987090865
32.0,100,4,0.01,79.2855334722933,0.04955345842018331,0.9964918111303421,0.06683751450650843
32.0,100,4,0.1,79.2855334722933,0.4955345842018331,0.8650322200497335,0.4060851340861502
32.0,101,4,0.0,77.72919359696698,0.0,0.9987968396634422,0.03910348480079237
32.0,101,4,0.001,77.72919359696698,0.004858074599810436,0.9987309323998483,0.040058995545893955
32.0,101,4,0.01,77.72919359696698,0.048580745998104365,0.9969016690625047,0.06235051973392139
32.0,101,4,0.1,77.72919359696698,0.48580745998104363,0.8915809565190563,0.3661519885920189
32.0,102,4,0.0,94.34358430493327,0.0,0.9956338930363736,0.05826997501915977
32.0,102,4,0.001,94.34358430493327,0.00589647401905833,0.9974017764164954,0.05632235781600947
32.0,102,4,0.01,94.34358430493327,0.058964740190583294,0.9934835438984242,0.08907643345232481
32.0,102,4,0.1,94.34358430493327,0.589647401905833,0.7013780735015458,0.6521158903685345
64.0,100,4,0.0,119.06025959353634,0.0,0.9986107957786906,0.041779594900019916
64.0,100,4,0.001,119.06025959353634,0.007441266224596022,0.998517460167793,0.043140300522869816
64.0,100,4,0.01,119.06025959353634,0.07441266224596021,0.9962126466050653,0.0691879628755786
64.0,100,4,0.1,119.06025959353634,0.7441266224596021,0.8813477410239936,0.386491772226725
64.0,101,4,0.0,113.99266191788112,0.0,0.9986210074769067,0.04187835357526528
64.0,101,4,0.001,113.99266191788112,0.0071245413698675705,0.9985270683795966,0.042996994610751786
64.0,101,4,0.01,113.99266191788112,0.07124541369867571,0.9956820552519366,0.0729882491670534
64.0,101,4,0.1,113.99266191788112,0.7124541369867571,0.825393108023887,0.4783588366440831
64.0,102,4,0.0,138.4931061601489,0.0,0.996729773393274,0.06211722169225187
64.0,102,4,0.001,138.4931061601489,0.008655819135009306,0.99657595084816,0.06432655190833506
64.0,102,4,0.01,138.4931061601489,0.08655819135009306,0.9916834463623913,0.0996935369257039
64.0,102,4,0.1,138.4931061601489,0.8655819135009306,0.6482680571977985,0.7267471727671979
128.0,100,4,0.0,231.17413663654983,0.0,0.9956410465147427,0.07442567612300041
128.0,100,4,0.001,231.17413663654983,0.014448383539784365,0.9953296418347177,0.07745145169781362
128.0,100,4,0.01,231.17413663654983,0.14448383539784365,0.9828433064755694,0.14765608828313492
128.0,100,4,0.1,231.17413663654983,1.4448383539784366,0.4990674044469942,0.9265973378932018
128.0,101,4,0.0,209.32323823066366,0.0,0.9956574698455011,0.0713675384498254
128.0,101,4,0.001,209.32323823066366,0.01308270238941648,0.9951658093953962,0.07618739675161547
128.0,101,4,0.01,209.32323823066366,0.13082702389416478,0.9831387659555862,0.14827887858409275
128.0,101,4,0.1,209.32323823066366,1.308270238941648,0.4900132300888581,0.9444940894177687
128.0,102,4,0.0,280.24435409536295,0.0,0.9923889279370023,0.0905856309878662
128.0,102,4,0.001,280.24435409536295,0.017515272130960186,0.9910932435480618,0.09914343621463673
128.0,102,4,0.01,280.24435409536295,0.17515272130960186,0.9676949410350276,0.1969534291503801
128.0,102,4,0.1,280.24435409536295,1.7515272130960184,0.315402552784643,1.1691295466704907
