run_id,profile,checkpoint,gamma,seed,step,layer,status,training_loss,training_accuracy,test_accuracy,ntk_drift,weight_displacement,cka_drift,effective_rank,local_q01,local_normalized_q01,task_jacobian,nuisance_jacobian,global_q01,global_normalized_q01,collision_score,linear_nuisance_cosine,mlp_nuisance_cosine,linear_task_accuracy,mlp_task_accuracy,ph_h1_top1,ph_h1_top2
192b10da1b3cc56f,03878c8d9b9954cd,step_0000000,16.0,0,0,1,converged,1.3862946044921876,0.2496,0.256,0.0,,-1.5543122344752192e-15,8.113568784940572,3.2081000804901123,0.7319629192352295,3.94283390045166,3.8188705444335938,1.831660270690918,0.4179131920078768,0.14107699692249298,0.9999967217445374,0.9996932744979858,0.992,0.988,0.8387134273846945,0.7466577688852946
192b10da1b3cc56f,03878c8d9b9954cd,step_0000000,16.0,0,0,2,converged,1.3862946044921876,0.2496,0.256,0.0,,-6.661338147750939e-16,11.024968655585564,3.032860517501831,0.7879831790924072,4.102787971496582,3.7816810607910156,1.4834010601043701,0.38541008826199413,0.15084631741046906,0.9999750852584839,0.999421238899231,0.99,0.989,0.7672963341077169,0.6514575084050497
192b10da1b3cc56f,03878c8d9b9954cd,step_0000000,16.0,0,0,3,converged,1.3862946044921876,0.2496,0.256,0.0,,-4.440892098500626e-16,13.455427778741797,2.849092483520508,0.8320364356040955,4.171426773071289,3.7365825176239014,1.295362949371338,0.37829209018274507,0.1592388153076172,0.9999350309371948,0.9991989731788635,0.988,0.986,0.7285095453262329,0.5119533538818359
192b10da1b3cc56f,03878c8d9b9954cd,step_0000000,16.0,0,0,4,converged,1.3862946044921876,0.2496,0.256,0.0,,-4.440892098500626e-16,16.049451793418882,2.634141683578491,0.8866051435470581,4.096189498901367,3.590731382369995,1.1050633192062378,0.37194461867056305,0.1677533984184265,0.9998654723167419,0.9984642863273621,0.988,0.981,0.6564131776491801,0.49931101004282635
192b10da1b3cc56f,03878c8d9b9954cd,final,16.0,0,128,1,converged,0.08312783889770507,0.9614,0.962,151.82691955566406,0.16491641559232556,0.04575732547781064,7.515281624758355,3.003554344177246,0.6334755420684814,4.715324878692627,3.500558853149414,1.9489600658416748,0.4110524905175938,0.16644909977912903,0.9999908208847046,0.9996058344841003,0.992,0.991,0.9925137857596079,0.5946695605913798
192b10da1b3cc56f,03878c8d9b9954cd,final,16.0,0,128,2,converged,0.08312783889770507,0.9614,0.962,151.82691955566406,0.16491641559232556,0.22721879240978538,4.3325904577328584,2.655299186706543,0.29285094141960144,9.910992622375488,3.2427244186401367,1.8452894687652588,0.20351558436599954,0.26956215500831604,0.9999415874481201,0.9994720220565796,0.994,0.995,1.163434127966563,0.20453191796938577
192b10da1b3cc56f,03878c8d9b9954cd,final,16.0,0,128,3,converged,0.08312783889770507,0.9614,0.962,151.82691955566406,0.16491641559232556,0.2503448527504363,3.185227554383164,2.2789194583892822,0.11410529166460037,19.540630340576172,3.2505810260772705,1.9076725244522095,0.09551699417225609,0.4574619233608246,0.9997255802154541,0.9993170499801636,0.995,0.994,1.1111207207043965,0.09161277612050374
192b10da1b3cc56f,03878c8d9b9954cd,final,16.0,0,128,4,converged,0.08312783889770507,0.9614,0.962,151.82691955566406,0.16491641559232556,0.30567754817820936,3.031116586624731,1.9876422882080078,0.04542672261595726,39.782806396484375,3.5017600059509277,2.112856388092041,0.0482884372813879,0.6395045518875122,0.9990761876106262,0.9991258382797241,0.993,0.995,1.0074717700481415,0.036762175460656486
4af1ea473ba49a67,03878c8d9b9954cd,step_0000000,0.5,2,0,1,converged,1.3862946044921876,0.2496,0.256,0.0,,-6.661338147750939e-16,8.088566641533532,3.2907307147979736,0.7468307018280029,3.9913082122802734,3.7987194061279297,1.8744806051254272,0.425413025217632,0.1404963880777359,0.9999968409538269,0.999735951423645,0.993,0.991,0.7827601035435995,0.7495985627174377
4af1ea473ba49a67,03878c8d9b9954cd,step_0000000,0.5,2,0,2,converged,1.3862946044921876,0.2496,0.256,0.0,,-4.440892098500626e-16,10.909260424735939,2.915081262588501,0.7613140940666199,4.161735534667969,3.7593302726745605,1.5339306592941284,0.4006073645008298,0.14800336956977844,0.9999774098396301,0.9995109438896179,0.99,0.977,0.7161146203676859,0.6270299752553304
4af1ea473ba49a67,03878c8d9b9954cd,step_0000000,0.5,2,0,3,converged,1.3862946044921876,0.2496,0.256,0.0,,1.3322676295501878e-15,13.37523643672316,2.764037847518921,0.7995384931564331,4.194117546081543,3.8873233795166016,1.3580769300460815,0.39284368708354406,0.15436521172523499,0.9999390840530396,0.9992921948432922,0.991,0.988,0.6012787818908691,0.5496688882509867
4af1ea473ba49a67,03878c8d9b9954cd,step_0000000,0.5,2,0,4,converged,1.3862946044921876,0.2496,0.256,0.0,,1.3322676295501878e-15,15.896022767619728,2.7234714031219482,0.8929516077041626,4.141753196716309,3.814326763153076,1.1733318567276,0.3847033359124523,0.1616726964712143,0.9998498558998108,0.9991632103919983,0.984,0.982,0.5358465711275736,0.46798771619796753
4af1ea473ba49a67,03878c8d9b9954cd,final,0.5,2,32,1,converged,0.08220590591430664,0.9782,0.976,0.6141279935836792,0.030720756552363494,0.00020959473890636016,8.06586649223163,3.3166630268096924,0.7495262622833252,4.033607006072998,3.7821788787841797,1.8845244646072388,0.42588002337088104,0.1404963880777359,0.9999960064888,0.9996675848960876,0.993,0.991,0.7989784181118011,0.7431908448537191
4af1ea473ba49a67,03878c8d9b9954cd,final,0.5,2,32,2,converged,0.08220590591430664,0.9782,0.976,0.6141279935836792,0.030720756552363494,0.03301687485060545,9.762215960956164,2.8248026371002197,0.6816366910934448,4.611873626708984,3.6509318351745605,1.6576732397079468,0.4000034921560537,0.16450855135917664,0.9999716877937317,0.9995492100715637,0.994,0.98,0.8200581769148508,0.5288082659244537
4af1ea473ba49a67,03878c8d9b9954cd,final,0.5,2,32,3,converged,0.08220590591430664,0.9782,0.976,0.6141279935836792,0.030720756552363494,0.14217268059510424,9.091256746130155,2.519226551055908,0.585256040096283,5.357187271118164,3.597842216491699,1.5198981761932373,0.353096299811613,0.1911165565252304,0.9999030828475952,0.9989604353904724,0.99,0.992,0.8586492339769999,0.3876700202624003
4af1ea473ba49a67,03878c8d9b9954cd,final,0.5,2,32,4,converged,0.08220590591430664,0.9782,0.976,0.6141279935836792,0.030720756552363494,0.27079774081612207,7.674971058520713,2.3190758228302,0.5052049160003662,6.159844398498535,3.3838257789611816,1.3340188264846802,0.2906126836650203,0.2185174822807312,0.9997995495796204,0.9982553720474243,0.991,0.992,0.9167315363883972,0.30400629838307697
8212b25d1f355922,03878c8d9b9954cd,step_0000000,0.5,0,0,1,converged,1.3862946044921876,0.2496,0.256,0.0,,-1.5543122344752192e-15,8.113568784940572,3.2081000804901123,0.7319629192352295,3.94283390045166,3.8188705444335938,1.831660270690918,0.4179131920078768,0.14107699692249298,0.9999967217445374,0.9996932744979858,0.992,0.988,0.8387134273846945,0.7466577688852946
8212b25d1f355922,03878c8d9b9954cd,step_0000000,0.5,0,0,2,converged,1.3862946044921876,0.2496,0.256,0.0,,-6.661338147750939e-16,11.024968655585564,3.032860517501831,0.7879831790924072,4.102787971496582,3.7816810607910156,1.4834010601043701,0.38541008826199413,0.15084631741046906,0.9999750852584839,0.999421238899231,0.99,0.989,0.7672963341077169,0.6514575084050497
8212b25d1f355922,03878c8d9b9954cd,step_0000000,0.5,0,0,3,converged,1.3862946044921876,0.2496,0.256,0.0,,-4.440892098500626e-16,13.455427778741797,2.849092483520508,0.8320364356040955,4.171426773071289,3.7365825176239014,1.295362949371338,0.37829209018274507,0.1592388153076172,0.9999350309371948,0.9991989731788635,0.988,0.986,0.7285095453262329,0.5119533538818359
8212b25d1f355922,03878c8d9b9954cd,step_0000000,0.5,0,0,4,converged,1.3862946044921876,0.2496,0.256,0.0,,-4.440892098500626e-16,16.049451793418882,2.634141683578491,0.8866051435470581,4.096189498901367,3.590731382369995,1.1050633192062378,0.37194461867056305,0.1677533984184265,0.9998654723167419,0.9984642863273621,0.988,0.981,0.6564131776491801,0.49931101004282635
8212b25d1f355922,03878c8d9b9954cd,final,0.5,0,32,1,converged,0.0883557403564453,0.9749,0.984,0.9097630381584167,0.028592663250556025,0.00014533681210548988,8.089092519474153,3.1990749835968018,0.7252676486968994,3.988602638244629,3.8089241981506348,1.8476133346557617,0.4188755310095755,0.14095045626163483,0.9999960660934448,0.999677300453186,0.992,0.988,0.8473831017812093,0.7409915824731191
8212b25d1f355922,03878c8d9b9954cd,final,0.5,0,32,2,converged,0.0883557403564453,0.9749,0.984,0.9097630381584167,0.028592663250556025,0.017685113483143056,10.1034707638355,3.0551793575286865,0.7345459461212158,4.505684852600098,3.740809440612793,1.662331223487854,0.39966840864812164,0.15722718834877014,0.9999740719795227,0.999459445476532,0.99,0.991,0.8869186838467916,0.598675549030304
8212b25d1f355922,03878c8d9b9954cd,final,0.5,0,32,3,converged,0.0883557403564453,0.9749,0.984,0.9097630381584167,0.028592663250556025,0.07806244877585611,9.394857270610116,2.881685972213745,0.6712653636932373,5.072935104370117,3.632279396057129,1.5825625658035278,0.3686451018327654,0.18416853249073029,0.9999305605888367,0.9992631673812866,0.992,0.991,0.9522682329018911,0.44451336065928143
8212b25d1f355922,03878c8d9b9954cd,final,0.5,0,32,4,converged,0.0883557403564453,0.9749,0.984,0.9097630381584167,0.028592663250556025,0.1600382699169054,8.265530191059813,2.6487271785736084,0.5798972249031067,5.876788139343262,3.515313148498535,1.465183138847351,0.320778851664751,0.2063596248626709,0.9998391270637512,0.9991627931594849,0.988,0.991,0.9681084056695303,0.3642982443173726
9eb9b205693b955a,03878c8d9b9954cd,step_0000000,0.03125,2,0,1,converged,1.3862946044921876,0.2496,0.256,0.0,,-6.661338147750939e-16,8.088566641533532,3.2907307147979736,0.7468307018280029,3.9913082122802734,3.7987194061279297,1.8744806051254272,0.425413025217632,0.1404963880777359,0.9999968409538269,0.999735951423645,0.993,0.991,0.7827601035435995,0.7495985627174377
9eb9b205693b955a,03878c8d9b9954cd,step_0000000,0.03125,2,0,2,converged,1.3862946044921876,0.2496,0.256,0.0,,-4.440892098500626e-16,10.909260424735939,2.915081262588501,0.7613140940666199,4.161735534667969,3.7593302726745605,1.5339306592941284,0.4006073645008298,0.14800336956977844,0.9999774098396301,0.9995109438896179,0.99,0.977,0.7161146203676859,0.6270299752553304
9eb9b205693b955a,03878c8d9b9954cd,step_0000000,0.03125,2,0,3,converged,1.3862946044921876,0.2496,0.256,0.0,,1.3322676295501878e-15,13.37523643672316,2.764037847518921,0.7995384931564331,4.194117546081543,3.8873233795166016,1.3580769300460815,0.39284368708354406,0.15436521172523499,0.9999390840530396,0.9992921948432922,0.991,0.988,0.6012787818908691,0.5496688882509867
9eb9b205693b955a,03878c8d9b9954cd,step_0000000,0.03125,2,0,4,converged,1.3862946044921876,0.2496,0.256,0.0,,1.3322676295501878e-15,15.896022767619728,2.7234714031219482,0.8929516077041626,4.141753196716309,3.814326763153076,1.1733318567276,0.3847033359124523,0.1616726964712143,0.9998498558998108,0.9991632103919983,0.984,0.982,0.5358465711275736,0.46798771619796753
9eb9b205693b955a,03878c8d9b9954cd,final,0.03125,2,64,1,converged,0.09767492370605468,0.98505,0.986,0.029734697192907333,0.002254354443896011,1.3874360216270532e-07,8.087736934405411,3.290520668029785,0.7466961741447449,3.9907424449920654,3.798520088195801,1.8747553825378418,0.42542589420768295,0.1404963880777359,0.9999968409538269,0.9996955394744873,0.993,0.99,0.7830557425816854,0.7493808170159658
9eb9b205693b955a,03878c8d9b9954cd,final,0.03125,2,64,2,converged,0.09767492370605468,0.98505,0.986,0.029734697192907333,0.002254354443896011,3.0210281831810626e-05,10.892970731095122,2.912501573562622,0.7596170902252197,4.17427921295166,3.7580296993255615,1.53585684299469,0.40057079242601423,0.14811033010482788,0.9999774098396301,0.9995629787445068,0.988,0.976,0.7174339890480042,0.6263856887817383
9eb9b205693b955a,03878c8d9b9954cd,final,0.03125,2,64,3,converged,0.09767492370605468,0.98505,0.986,0.029734697192907333,0.002254354443896011,0.000330351822283248,13.349316583482349,2.777179002761841,0.8012982606887817,4.214350700378418,3.8939197063446045,1.3605430126190186,0.3925569029000487,0.15446513891220093,0.999934196472168,0.9993780255317688,0.991,0.989,0.5997786521911621,0.5570489764213562
9eb9b205693b955a,03878c8d9b9954cd,final,0.03125,2,64,4,converged,0.09767492370605468,0.98505,0.986,0.029734697192907333,0.002254354443896011,0.0012291228796920128,15.911838099118103,2.6862518787384033,0.8776983618736267,4.165031433105469,3.793509006500244,1.183558464050293,0.3867125602801603,0.161748468875885,0.9998521208763123,0.9993133544921875,0.985,0.98,0.537872314453125,0.4730310042699178
a1dbfdb26a4eaf3b,03878c8d9b9954cd,step_0000000,1.0,1,0,1,converged,1.3862946044921876,0.2496,0.256,0.0,,1.9984014443252818e-15,8.087431230653586,3.1112101078033447,0.7160986661911011,3.797456979751587,3.794009208679199,1.8348439931869507,0.4223209767251606,0.14072029292583466,0.9999967217445374,0.9997196197509766,0.992,0.982,0.7785612940788269,0.7549129823843638
a1dbfdb26a4eaf3b,03878c8d9b9954cd,step_0000000,1.0,1,0,2,converged,1.3862946044921876,0.2496,0.256,0.0,,2.3314683517128287e-15,10.673854632791711,2.8233463764190674,0.7486216425895691,3.763105869293213,3.8114309310913086,1.5323883295059204,0.4063189131572288,0.1461678296327591,0.9999758005142212,0.9993117451667786,0.989,0.988,0.7211771011352539,0.6888223687807719
a1dbfdb26a4eaf3b,03878c8d9b9954cd,step_0000000,1.0,1,0,3,converged,1.3862946044921876,0.2496,0.256,0.0,,0.0,13.17694484888675,2.5116138458251953,0.7773213982582092,3.6542835235595703,3.7394051551818848,1.2810767889022827,0.3964814979745464,0.15351954102516174,0.9999489784240723,0.9991095066070557,0.989,0.984,0.6593608061472574,0.6253043214480082
a1dbfdb26a4eaf3b,03878c8d9b9954cd,step_0000000,1.0,1,0,4,converged,1.3862946044921876,0.2496,0.256,0.0,,1.2212453270876722e-15,14.41621406830372,2.382180690765381,0.812596321105957,3.615731716156006,3.7210092544555664,1.1376222372055054,0.38805941077518297,0.16049417853355408,0.9998883008956909,0.999147355556488,0.988,0.986,0.5921048323313395,0.5353928407033285
a1dbfdb26a4eaf3b,03878c8d9b9954cd,final,1.0,1,64,1,converged,0.0756195198059082,0.9738,0.968,1.8034225702285767,0.05170960185681774,0.0010685094413196428,8.066559117025808,3.172614574432373,0.7219904065132141,3.916127920150757,3.7563045024871826,1.8597840070724487,0.4232301755945515,0.1406787633895874,0.9999963641166687,0.9997015595436096,0.993,0.993,0.8071076969305674,0.7366452912489573
a1dbfdb26a4eaf3b,03878c8d9b9954cd,final,1.0,1,64,2,converged,0.0756195198059082,0.9738,0.968,1.8034225702285767,0.05170960185681774,0.09566897479424419,9.033817420713577,2.8887290954589844,0.6431919932365417,5.006608009338379,3.6498663425445557,1.7786197662353516,0.3960198373234159,0.17715254426002502,0.9999686479568481,0.9995531439781189,0.99,0.989,0.9216531217098236,0.5385284225145975
a1dbfdb26a4eaf3b,03878c8d9b9954cd,final,1.0,1,64,3,converged,0.0756195198059082,0.9738,0.968,1.8034225702285767,0.05170960185681774,0.24256953382935398,7.148637903269004,2.475229501724243,0.4793809950351715,6.409313201904297,3.4675426483154297,1.5481505393981934,0.29983237608265,0.21442747116088867,0.9999178647994995,0.9993590712547302,0.992,0.993,1.0061723689238231,0.3560577829678853
a1dbfdb26a4eaf3b,03878c8d9b9954cd,final,1.0,1,64,4,converged,0.0756195198059082,0.9738,0.968,1.8034225702285767,0.05170960185681774,0.3640959897180225,5.575313091855121,2.4141626358032227,0.3677687644958496,8.323585510253906,3.383746862411499,1.4814457893371582,0.22568052825284216,0.2459142506122589,0.9998014569282532,0.9991474747657776,0.991,0.989,0.990916242202123,0.22950266798337302
64551e6adcfe8b61,03878c8d9b9954cd,step_0000000,0.03125,1,0,1,converged,1.3862946044921876,0.2496,0.256,0.0,,1.9984014443252818e-15,8.087431230653586,3.1112101078033447,0.7160986661911011,3.797456979751587,3.794009208679199,1.8348439931869507,0.4223209767251606,0.14072029292583466,0.9999967217445374,0.9997196197509766,0.992,0.982,0.7785612940788269,0.7549129823843638
64551e6adcfe8b61,03878c8d9b9954cd,step_0000000,0.03125,1,0,2,converged,1.3862946044921876,0.2496,0.256,0.0,,2.3314683517128287e-15,10.673854632791711,2.8233463764190674,0.7486216425895691,3.763105869293213,3.8114309310913086,1.5323883295059204,0.4063189131572288,0.1461678296327591,0.9999758005142212,0.9993117451667786,0.989,0.988,0.7211771011352539,0.6888223687807719
64551e6adcfe8b61,03878c8d9b9954cd,step_0000000,0.03125,1,0,3,converged,1.3862946044921876,0.2496,0.256,0.0,,0.0,13.17694484888675,2.5116138458251953,0.7773213982582092,3.6542835235595703,3.7394051551818848,1.2810767889022827,0.3964814979745464,0.15351954102516174,0.9999489784240723,0.9991095066070557,0.989,0.984,0.6593608061472574,0.6253043214480082
64551e6adcfe8b61,03878c8d9b9954cd,step_0000000,0.03125,1,0,4,converged,1.3862946044921876,0.2496,0.256,0.0,,1.2212453270876722e-15,14.41621406830372,2.382180690765381,0.812596321105957,3.615731716156006,3.7210092544555664,1.1376222372055054,0.38805941077518297,0.16049417853355408,0.9998883008956909,0.999147355556488,0.988,0.986,0.5921048323313395,0.5353928407033285
64551e6adcfe8b61,03878c8d9b9954cd,final,0.03125,1,64,1,converged,0.09527055053710938,0.9846,0.988,0.019929802045226097,0.0024466194164275614,1.7205446845025563e-07,8.087612206369412,3.1106584072113037,0.7159784436225891,3.7968971729278564,3.7939887046813965,1.8347140550613403,0.4222950551406209,0.14072772860527039,0.9999967217445374,0.9997171759605408,0.991,0.985,0.7785260577996572,0.7551355957984924
64551e6adcfe8b61,03878c8d9b9954cd,final,0.03125,1,64,2,converged,0.09527055053710938,0.9846,0.988,0.019929802045226097,0.0024466194164275614,2.0495471547365973e-05,10.673559840269967,2.806469678878784,0.743763267993927,3.7758278846740723,3.8132829666137695,1.5337175130844116,0.4064618042470981,0.14601506292819977,0.9999755024909973,0.9993298053741455,0.989,0.988,0.722283661365509,0.6913145581881205
64551e6adcfe8b61,03878c8d9b9954cd,final,0.03125,1,64,3,converged,0.09527055053710938,0.9846,0.988,0.019929802045226097,0.0024466194164275614,0.00021395803447954442,13.183851504730976,2.516847848892212,0.7779929637908936,3.6652941703796387,3.7450337409973145,1.2849456071853638,0.3971947171126214,0.15359589457511902,0.9999483823776245,0.9992020130157471,0.989,0.986,0.6595166921615601,0.6284583608309428
64551e6adcfe8b61,03878c8d9b9954cd,final,0.03125,1,64,4,converged,0.09527055053710938,0.9846,0.988,0.019929802045226097,0.0024466194164275614,0.0013350748555718273,14.486778108960086,2.385761260986328,0.8118354678153992,3.643886089324951,3.72353196144104,1.149180293083191,0.39104723823141274,0.15975309908390045,0.9998863935470581,0.9988604784011841,0.988,0.989,0.6038263241449991,0.5373194018999735
3c7c28f731ba2310,03878c8d9b9954cd,step_0000000,1.0,0,0,1,converged,1.3862946044921876,0.2496,0.256,0.0,,-1.5543122344752192e-15,8.113568784940572,3.2081000804901123,0.7319629192352295,3.94283390045166,3.8188705444335938,1.831660270690918,0.4179131920078768,0.14107699692249298,0.9999967217445374,0.9996932744979858,0.992,0.988,0.8387134273846945,0.7466577688852946
3c7c28f731ba2310,03878c8d9b9954cd,step_0000000,1.0,0,0,2,converged,1.3862946044921876,0.2496,0.256,0.0,,-6.661338147750939e-16,11.024968655585564,3.032860517501831,0.7879831790924072,4.102787971496582,3.7816810607910156,1.4834010601043701,0.38541008826199413,0.15084631741046906,0.9999750852584839,0.999421238899231,0.99,0.989,0.7672963341077169,0.6514575084050497
3c7c28f731ba2310,03878c8d9b9954cd,step_0000000,1.0,0,0,3,converged,1.3862946044921876,0.2496,0.256,0.0,,-4.440892098500626e-16,13.455427778741797,2.849092483520508,0.8320364356040955,4.171426773071289,3.7365825176239014,1.295362949371338,0.37829209018274507,0.1592388153076172,0.9999350309371948,0.9991989731788635,0.988,0.986,0.7285095453262329,0.5119533538818359
3c7c28f731ba2310,03878c8d9b9954cd,step_0000000,1.0,0,0,4,converged,1.3862946044921876,0.2496,0.256,0.0,,-4.440892098500626e-16,16.049451793418882,2.634141683578491,0.8866051435470581,4.096189498901367,3.590731382369995,1.1050633192062378,0.37194461867056305,0.1677533984184265,0.9998654723167419,0.9984642863273621,0.988,0.981,0.6564131776491801,0.49931101004282635
3c7c28f731ba2310,03878c8d9b9954cd,final,1.0,0,128,1,converged,0.07975946617126464,0.96035,0.963,3.631577491760254,0.057042513387841665,0.002437109604192522,8.034788377051308,3.2040164470672607,0.7180110812187195,4.120114326477051,3.7644410133361816,1.8751261234283447,0.42021051000590387,0.14087778329849243,0.9999951720237732,0.9996820688247681,0.992,0.992,0.8781399925549825,0.7200113236904144
3c7c28f731ba2310,03878c8d9b9954cd,final,1.0,0,128,2,converged,0.07975946617126464,0.96035,0.963,3.631577491760254,0.057042513387841665,0.09321576079562033,8.401789867246183,2.951033353805542,0.6095090508460999,5.443516731262207,3.631352424621582,1.8039112091064453,0.3725814332111216,0.1891627460718155,0.9999688267707825,0.999550461769104,0.991,0.991,1.0014292001724243,0.4817698697249095
3c7c28f731ba2310,03878c8d9b9954cd,final,1.0,0,128,3,converged,0.07975946617126464,0.96035,0.963,3.631577491760254,0.057042513387841665,0.17973123764084142,6.168102689776616,2.6326212882995605,0.4310630261898041,7.250527858734131,3.4692935943603516,1.6713669300079346,0.2736681098398112,0.22571469843387604,0.9999085664749146,0.9994853734970093,0.992,0.989,1.0595572690169017,0.2950984636942546
3c7c28f731ba2310,03878c8d9b9954cd,final,1.0,0,128,4,converged,0.07975946617126464,0.96035,0.963,3.631577491760254,0.057042513387841665,0.26369385538934365,5.027570794654189,2.4387006759643555,0.31256476044654846,9.414461135864258,3.380723476409912,1.5877845287322998,0.2035040528458661,0.2659030854701996,0.9997733235359192,0.9991431832313538,0.994,0.996,0.9944869677225748,0.18686543901761374
d225c2cecd893785,03878c8d9b9954cd,step_0000000,128.0,1,0,1,converged,1.3862946044921876,0.2496,0.256,0.0,,1.9984014443252818e-15,8.087431230653586,3.1112101078033447,0.7160986661911011,3.797456979751587,3.794009208679199,1.8348439931869507,0.4223209767251606,0.14072029292583466,0.9999967217445374,0.9997196197509766,0.992,0.982,0.7785612940788269,0.7549129823843638
d225c2cecd893785,03878c8d9b9954cd,step_0000000,128.0,1,0,2,converged,1.3862946044921876,0.2496,0.256,0.0,,2.3314683517128287e-15,10.673854632791711,2.8233463764190674,0.7486216425895691,3.763105869293213,3.8114309310913086,1.5323883295059204,0.4063189131572288,0.1461678296327591,0.9999758005142212,0.9993117451667786,0.989,0.988,0.7211771011352539,0.6888223687807719
d225c2cecd893785,03878c8d9b9954cd,step_0000000,128.0,1,0,3,converged,1.3862946044921876,0.2496,0.256,0.0,,0.0,13.17694484888675,2.5116138458251953,0.7773213982582092,3.6542835235595703,3.7394051551818848,1.2810767889022827,0.3964814979745464,0.15351954102516174,0.9999489784240723,0.9991095066070557,0.989,0.984,0.6593608061472574,0.6253043214480082
d225c2cecd893785,03878c8d9b9954cd,step_0000000,128.0,1,0,4,converged,1.3862946044921876,0.2496,0.256,0.0,,1.2212453270876722e-15,14.41621406830372,2.382180690765381,0.812596321105957,3.615731716156006,3.7210092544555664,1.1376222372055054,0.38805941077518297,0.16049417853355408,0.9998883008956909,0.999147355556488,0.988,0.986,0.5921048323313395,0.5353928407033285
d225c2cecd893785,03878c8d9b9954cd,final,128.0,1,256,1,converged,0.04394989814758301,0.9817,0.977,5425.6787109375,0.3259376214560101,0.1368845181651367,6.4167725013404295,2.995290994644165,0.5173466205596924,6.046867370605469,3.5079402923583984,2.1016359329223633,0.36299451511742087,0.19803400337696075,0.99998939037323,0.9996674656867981,0.993,0.979,1.0753473142782848,0.4562445978323619
d225c2cecd893785,03878c8d9b9954cd,final,128.0,1,256,2,converged,0.04394989814758301,0.9817,0.977,5425.6787109375,0.3259376214560101,0.34888962354827446,2.9963972525716773,2.6002306938171387,0.13357581198215485,19.39574432373047,3.3768386840820312,2.1817429065704346,0.11207777502230803,0.4291176199913025,0.9998961687088013,0.999615490436554,0.997,0.99,1.246621459722519,0.0811470200618108
d225c2cecd893785,03878c8d9b9954cd,final,128.0,1,256,3,converged,0.04394989814758301,0.9817,0.977,5425.6787109375,0.3259376214560101,0.3725025884223012,2.572585395012751,2.3403584957122803,0.03206624090671539,60.43592834472656,4.19281005859375,2.9077024459838867,0.039839659634554866,0.7173871994018555,0.9991814494132996,0.9988285899162292,0.997,0.986,1.1539870103200276,0.015777374307314556
d225c2cecd893785,03878c8d9b9954cd,final,128.0,1,256,4,converged,0.04394989814758301,0.9817,0.977,5425.6787109375,0.3259376214560101,0.43118076605599986,2.6049564912988727,2.1970808506011963,0.00799777451902628,199.20291137695312,9.867403030395508,7.046085834503174,0.025649036861955795,1.2833983898162842,0.9936146140098572,0.9924675822257996,0.995,0.992,1.0270711878935497,0.01389436423778534
a0f1d488e49d1856,03878c8d9b9954cd,step_0000000,128.0,2,0,1,converged,1.3862946044921876,0.2496,0.256,0.0,,-6.661338147750939e-16,8.088566641533532,3.2907307147979736,0.7468307018280029,3.9913082122802734,3.7987194061279297,1.8744806051254272,0.425413025217632,0.1404963880777359,0.9999968409538269,0.999735951423645,0.993,0.991,0.7827601035435995,0.7495985627174377
a0f1d488e49d1856,03878c8d9b9954cd,step_0000000,128.0,2,0,2,converged,1.3862946044921876,0.2496,0.256,0.0,,-4.440892098500626e-16,10.909260424735939,2.915081262588501,0.7613140940666199,4.161735534667969,3.7593302726745605,1.5339306592941284,0.4006073645008298,0.14800336956977844,0.9999774098396301,0.9995109438896179,0.99,0.977,0.7161146203676859,0.6270299752553304
a0f1d488e49d1856,03878c8d9b9954cd,step_0000000,128.0,2,0,3,converged,1.3862946044921876,0.2496,0.256,0.0,,1.3322676295501878e-15,13.37523643672316,2.764037847518921,0.7995384931564331,4.194117546081543,3.8873233795166016,1.3580769300460815,0.39284368708354406,0.15436521172523499,0.9999390840530396,0.9992921948432922,0.991,0.988,0.6012787818908691,0.5496688882509867
a0f1d488e49d1856,03878c8d9b9954cd,step_0000000,128.0,2,0,4,converged,1.3862946044921876,0.2496,0.256,0.0,,1.3322676295501878e-15,15.896022767619728,2.7234714031219482,0.8929516077041626,4.141753196716309,3.814326763153076,1.1733318567276,0.3847033359124523,0.1616726964712143,0.9998498558998108,0.9991632103919983,0.984,0.982,0.5358465711275736,0.46798771619796753
a0f1d488e49d1856,03878c8d9b9954cd,final,128.0,2,128,1,converged,0.05350928573608398,0.99105,0.988,4462.4404296875,0.27919363039995515,0.09014297222636458,6.470109751783811,3.2110073566436768,0.5695463418960571,5.743505954742432,3.6469428539276123,2.1310129165649414,0.37798435880594017,0.19192944467067719,0.9999876022338867,0.9997005462646484,0.993,0.994,1.0375959277153015,0.5095034738381704
a0f1d488e49d1856,03878c8d9b9954cd,final,128.0,2,128,2,converged,0.05350928573608398,0.99105,0.988,4462.4404296875,0.27919363039995515,0.2519562781503939,3.0303656596557844,2.7380881309509277,0.1563398838043213,18.093643188476562,3.516059398651123,2.1717822551727295,0.12400484273024695,0.3858942985534668,0.9999160170555115,0.999615490436554,0.995,0.992,1.2879102031389873,0.09607079128424327
a0f1d488e49d1856,03878c8d9b9954cd,final,128.0,2,128,3,converged,0.05350928573608398,0.99105,0.988,4462.4404296875,0.27919363039995515,0.3081373540719966,2.579523539726282,2.5131616592407227,0.039212193340063095,57.83992004394531,4.090260982513428,2.905811071395874,0.0453385973454925,0.6755377650260925,0.9993433952331543,0.9990491271018982,0.995,0.992,1.240184595187505,0.02362084885438283
a0f1d488e49d1856,03878c8d9b9954cd,final,128.0,2,128,4,converged,0.05350928573608398,0.99105,0.988,4462.4404296875,0.27919363039995515,0.35507978504318927,2.556795675259924,2.657963275909424,0.011328482069075108,189.43594360351562,8.667503356933594,6.540558338165283,0.027876456793875376,1.229092001914978,0.9960244297981262,0.9954766631126404,0.996,0.993,1.1480390826861064,0.022158116102218628
6ee367a979aa16dd,03878c8d9b9954cd,step_0000000,16.0,2,0,1,converged,1.3862946044921876,0.2496,0.256,0.0,,-6.661338147750939e-16,8.088566641533532,3.2907307147979736,0.7468307018280029,3.9913082122802734,3.7987194061279297,1.8744806051254272,0.425413025217632,0.1404963880777359,0.9999968409538269,0.999735951423645,0.993,0.991,0.7827601035435995,0.7495985627174377
6ee367a979aa16dd,03878c8d9b9954cd,step_0000000,16.0,2,0,2,converged,1.3862946044921876,0.2496,0.256,0.0,,-4.440892098500626e-16,10.909260424735939,2.915081262588501,0.7613140940666199,4.161735534667969,3.7593302726745605,1.5339306592941284,0.4006073645008298,0.14800336956977844,0.9999774098396301,0.9995109438896179,0.99,0.977,0.7161146203676859,0.6270299752553304
6ee367a979aa16dd,03878c8d9b9954cd,step_0000000,16.0,2,0,3,converged,1.3862946044921876,0.2496,0.256,0.0,,1.3322676295501878e-15,13.37523643672316,2.764037847518921,0.7995384931564331,4.194117546081543,3.8873233795166016,1.3580769300460815,0.39284368708354406,0.15436521172523499,0.9999390840530396,0.9992921948432922,0.991,0.988,0.6012787818908691,0.5496688882509867
6ee367a979aa16dd,03878c8d9b9954cd,step_0000000,16.0,2,0,4,converged,1.3862946044921876,0.2496,0.256,0.0,,1.3322676295501878e-15,15.896022767619728,2.7234714031219482,0.8929516077041626,4.141753196716309,3.814326763153076,1.1733318567276,0.3847033359124523,0.1616726964712143,0.9998498558998108,0.9991632103919983,0.984,0.982,0.5358465711275736,0.46798771619796753
6ee367a979aa16dd,03878c8d9b9954cd,final,16.0,2,128,1,converged,0.04399038944244385,0.98845,0.986,154.9319305419922,0.16772011533728626,0.04177978522222936,7.484405562537175,3.1623101234436035,0.6606169939041138,4.784849643707275,3.5327820777893066,1.9847824573516846,0.4146275998332481,0.1663581281900406,0.9999903440475464,0.99970543384552,0.992,0.993,0.9687599142392477,0.6100025475025177
6ee367a979aa16dd,03878c8d9b9954cd,final,16.0,2,128,2,converged,0.04399038944244385,0.98845,0.986,154.9319305419922,0.16772011533728626,0.2326799157335232,4.115310114009667,2.4023349285125732,0.2602608799934387,10.181571960449219,3.1859130859375,1.7528901100158691,0.18990221790399456,0.2761911153793335,0.9999263882637024,0.9994946122169495,0.994,0.996,1.167630006869634,0.18011497457822165
6ee367a979aa16dd,03878c8d9b9954cd,final,16.0,2,128,3,converged,0.04399038944244385,0.98845,0.986,154.9319305419922,0.16772011533728626,0.3080985142564888,3.131428837635202,2.065098285675049,0.09895088523626328,20.27047348022461,3.159740924835205,1.8230462074279785,0.08735276148331339,0.4858601689338684,0.9995976090431213,0.9991449117660522,0.996,0.99,1.0945445497830708,0.059435551365216575
6ee367a979aa16dd,03878c8d9b9954cd,final,16.0,2,128,4,converged,0.04399038944244385,0.98845,0.986,154.9319305419922,0.16772011533728626,0.36068771987452153,2.960401058568352,2.026510238647461,0.042776092886924744,40.34457778930664,3.4429993629455566,2.1799161434173584,0.04601422410030801,0.6472620368003845,0.9988026022911072,0.9987397193908691,0.996,0.992,0.9898098309834799,0.023702154556910198
8a6750bf26cfcb5c,03878c8d9b9954cd,step_0000000,0.5,1,0,1,converged,1.3862946044921876,0.2496,0.256,0.0,,1.9984014443252818e-15,8.087431230653586,3.1112101078033447,0.7160986661911011,3.797456979751587,3.794009208679199,1.8348439931869507,0.4223209767251606,0.14072029292583466,0.9999967217445374,0.9997196197509766,0.992,0.982,0.7785612940788269,0.7549129823843638
8a6750bf26cfcb5c,03878c8d9b9954cd,step_0000000,0.5,1,0,2,converged,1.3862946044921876,0.2496,0.256,0.0,,2.3314683517128287e-15,10.673854632791711,2.8233463764190674,0.7486216425895691,3.763105869293213,3.8114309310913086,1.5323883295059204,0.4063189131572288,0.1461678296327591,0.9999758005142212,0.9993117451667786,0.989,0.988,0.7211771011352539,0.6888223687807719
8a6750bf26cfcb5c,03878c8d9b9954cd,step_0000000,0.5,1,0,3,converged,1.3862946044921876,0.2496,0.256,0.0,,0.0,13.17694484888675,2.5116138458251953,0.7773213982582092,3.6542835235595703,3.7394051551818848,1.2810767889022827,0.3964814979745464,0.15351954102516174,0.9999489784240723,0.9991095066070557,0.989,0.984,0.6593608061472574,0.6253043214480082
8a6750bf26cfcb5c,03878c8d9b9954cd,step_0000000,0.5,1,0,4,converged,1.3862946044921876,0.2496,0.256,0.0,,1.2212453270876722e-15,14.41621406830372,2.382180690765381,0.812596321105957,3.615731716156006,3.7210092544555664,1.1376222372055054,0.38805941077518297,0.16049417853355408,0.9998883008956909,0.999147355556488,0.988,0.986,0.5921048323313395,0.5353928407033285
8a6750bf26cfcb5c,03878c8d9b9954cd,final,0.5,1,32,1,converged,0.09904208908081055,0.9648,0.965,0.4741446077823639,0.030328308425847255,0.00011799377101151531,8.076365231895839,3.1563258171081543,0.7232604622840881,3.8300747871398926,3.782205581665039,1.8445093631744385,0.4226625463381258,0.14071226119995117,0.9999964237213135,0.9997273683547974,0.992,0.985,0.7834826608498892,0.7532679239908854
8a6750bf26cfcb5c,03878c8d9b9954cd,final,0.5,1,32,2,converged,0.09904208908081055,0.9648,0.965,0.4741446077823639,0.030328308425847255,0.02302514045593762,10.162015891529435,2.907142400741577,0.722586989402771,4.185064315795898,3.7489452362060547,1.658474326133728,0.41222335804488375,0.14963245391845703,0.9999722242355347,0.9994842410087585,0.99,0.986,0.8109835187594095,0.6465669373671213
8a6750bf26cfcb5c,03878c8d9b9954cd,final,0.5,1,32,3,converged,0.09904208908081055,0.9648,0.965,0.4741446077823639,0.030328308425847255,0.12161500580313866,10.054779852805394,2.505992889404297,0.6371510624885559,4.699289798736572,3.604621171951294,1.5160263776779175,0.38545112934639697,0.1754610240459442,0.999940037727356,0.9992076754570007,0.989,0.985,0.8661245505015055,0.4753841559092204
8a6750bf26cfcb5c,03878c8d9b9954cd,final,0.5,1,32,4,converged,0.09904208908081055,0.9648,0.965,0.4741446077823639,0.030328308425847255,0.263753492263207,8.437565628751766,2.4245078563690186,0.5555053353309631,5.585874557495117,3.569610595703125,1.44284987449646,0.33058701384174305,0.19948816299438477,0.9998447895050049,0.9989571571350098,0.992,0.985,0.8908005257447561,0.39964039127031964
25b579b2abddc0f9,03878c8d9b9954cd,step_0000000,0.03125,0,0,1,converged,1.3862946044921876,0.2496,0.256,0.0,,-1.5543122344752192e-15,8.113568784940572,3.2081000804901123,0.7319629192352295,3.94283390045166,3.8188705444335938,1.831660270690918,0.4179131920078768,0.14107699692249298,0.9999967217445374,0.9996932744979858,0.992,0.988,0.8387134273846945,0.7466577688852946
25b579b2abddc0f9,03878c8d9b9954cd,step_0000000,0.03125,0,0,2,converged,1.3862946044921876,0.2496,0.256,0.0,,-6.661338147750939e-16,11.024968655585564,3.032860517501831,0.7879831790924072,4.102787971496582,3.7816810607910156,1.4834010601043701,0.38541008826199413,0.15084631741046906,0.9999750852584839,0.999421238899231,0.99,0.989,0.7672963341077169,0.6514575084050497
25b579b2abddc0f9,03878c8d9b9954cd,step_0000000,0.03125,0,0,3,converged,1.3862946044921876,0.2496,0.256,0.0,,-4.440892098500626e-16,13.455427778741797,2.849092483520508,0.8320364356040955,4.171426773071289,3.7365825176239014,1.295362949371338,0.37829209018274507,0.1592388153076172,0.9999350309371948,0.9991989731788635,0.988,0.986,0.7285095453262329,0.5119533538818359
25b579b2abddc0f9,03878c8d9b9954cd,step_0000000,0.03125,0,0,4,converged,1.3862946044921876,0.2496,0.256,0.0,,-4.440892098500626e-16,16.049451793418882,2.634141683578491,0.8866051435470581,4.096189498901367,3.590731382369995,1.1050633192062378,0.37194461867056305,0.1677533984184265,0.9998654723167419,0.9984642863273621,0.988,0.981,0.6564131776491801,0.49931101004282635
25b579b2abddc0f9,03878c8d9b9954cd,final,0.03125,0,64,1,converged,0.09815455932617187,0.98215,0.985,0.01999674364924431,0.002265227217096685,7.173208982358403e-08,8.113993452050863,3.208158016204834,0.7319858074188232,3.941720485687256,3.8186206817626953,1.8316665887832642,0.4179201806291688,0.14107327163219452,0.9999966621398926,0.999697208404541,0.992,0.991,0.8387109935283661,0.7466897070407867
25b579b2abddc0f9,03878c8d9b9954cd,final,0.03125,0,64,2,converged,0.09815455932617187,0.98215,0.985,0.01999674364924431,0.002265227217096685,1.0821601482136067e-05,11.020676558550765,3.0448384284973145,0.7909045815467834,4.107439994812012,3.7806804180145264,1.4836859703063965,0.38539122253582114,0.15090695023536682,0.9999759793281555,0.9994528293609619,0.989,0.989,0.7688965201377869,0.6524324814478556
25b579b2abddc0f9,03878c8d9b9954cd,final,0.03125,0,64,3,converged,0.09815455932617187,0.98215,0.985,0.01999674364924431,0.002265227217096685,0.00012218229453131446,13.441632523561701,2.849283456802368,0.8318265080451965,4.164592266082764,3.7418713569641113,1.295945644378662,0.37834142404226495,0.1591774821281433,0.9999344348907471,0.9990476369857788,0.988,0.986,0.7260603109995524,0.5125066041946411
25b579b2abddc0f9,03878c8d9b9954cd,final,0.03125,0,64,4,converged,0.09815455932617187,0.98215,0.985,0.01999674364924431,0.002265227217096685,0.0005828437873003356,16.082177677828795,2.6618878841400146,0.8946226239204407,4.098443031311035,3.594966411590576,1.1030056476593018,0.37070449977732123,0.16766318678855896,0.9998651146888733,0.9988811016082764,0.989,0.989,0.6616423527399699,0.509902278582255
d70493ac41c9495a,03878c8d9b9954cd,step_0000000,16.0,1,0,1,converged,1.3862946044921876,0.2496,0.256,0.0,,1.9984014443252818e-15,8.087431230653586,3.1112101078033447,0.7160986661911011,3.797456979751587,3.794009208679199,1.8348439931869507,0.4223209767251606,0.14072029292583466,0.9999967217445374,0.9997196197509766,0.992,0.982,0.7785612940788269,0.7549129823843638
d70493ac41c9495a,03878c8d9b9954cd,step_0000000,16.0,1,0,2,converged,1.3862946044921876,0.2496,0.256,0.0,,2.3314683517128287e-15,10.673854632791711,2.8233463764190674,0.7486216425895691,3.763105869293213,3.8114309310913086,1.5323883295059204,0.4063189131572288,0.1461678296327591,0.9999758005142212,0.9993117451667786,0.989,0.988,0.7211771011352539,0.6888223687807719
d70493ac41c9495a,03878c8d9b9954cd,step_0000000,16.0,1,0,3,converged,1.3862946044921876,0.2496,0.256,0.0,,0.0,13.17694484888675,2.5116138458251953,0.7773213982582092,3.6542835235595703,3.7394051551818848,1.2810767889022827,0.3964814979745464,0.15351954102516174,0.9999489784240723,0.9991095066070557,0.989,0.984,0.6593608061472574,0.6253043214480082
d70493ac41c9495a,03878c8d9b9954cd,step_0000000,16.0,1,0,4,converged,1.3862946044921876,0.2496,0.256,0.0,,1.2212453270876722e-15,14.41621406830372,2.382180690765381,0.812596321105957,3.615731716156006,3.7210092544555664,1.1376222372055054,0.38805941077518297,0.16049417853355408,0.9998883008956909,0.999147355556488,0.988,0.986,0.5921048323313395,0.5353928407033285
d70493ac41c9495a,03878c8d9b9954cd,final,16.0,1,256,1,converged,0.04773618278503418,0.9792,0.978,162.52040100097656,0.1963834030908731,0.06539717129364808,7.633487137900044,2.868438720703125,0.6060426235198975,4.827497959136963,3.4135096073150635,1.9321208000183105,0.4082177483174163,0.1769406944513321,0.999991238117218,0.9996519088745117,0.993,0.993,0.9720340172449747,0.5539225240548452
d70493ac41c9495a,03878c8d9b9954cd,final,16.0,1,256,2,converged,0.04773618278503418,0.9792,0.978,162.52040100097656,0.1963834030908731,0.32329006355670464,4.3714770546324715,2.504570484161377,0.26006054878234863,10.792263984680176,3.2020668983459473,1.8619072437286377,0.19333001239188785,0.28614452481269836,0.9999382495880127,0.9995332360267639,0.993,0.989,1.1300702095031738,0.21486753225326538
d70493ac41c9495a,03878c8d9b9954cd,final,16.0,1,256,3,converged,0.04773618278503418,0.9792,0.978,162.52040100097656,0.1963834030908731,0.37115361909592626,3.2058834201139286,2.167421817779541,0.09901679307222366,20.96946907043457,3.1514317989349365,1.8376072645187378,0.0839494998374486,0.48909056186676025,0.9996336698532104,0.9993717074394226,0.995,0.982,1.0000150799751282,0.05745153625806173
d70493ac41c9495a,03878c8d9b9954cd,final,16.0,1,256,4,converged,0.04773618278503418,0.9792,0.978,162.52040100097656,0.1963834030908731,0.43874094978812717,3.0035108741702814,1.8599863052368164,0.035687416791915894,42.76478576660156,3.5961709022521973,2.072185516357422,0.03975886647951882,0.6778540015220642,0.9985015988349915,0.9974598288536072,0.997,0.991,0.8428649306297302,0.024271786212921143
76cc1d0eb774858e,03878c8d9b9954cd,step_0000000,128.0,0,0,1,converged,1.3862946044921876,0.2496,0.256,0.0,,-1.5543122344752192e-15,8.113568784940572,3.2081000804901123,0.7319629192352295,3.94283390045166,3.8188705444335938,1.831660270690918,0.4179131920078768,0.14107699692249298,0.9999967217445374,0.9996932744979858,0.992,0.988,0.8387134273846945,0.7466577688852946
76cc1d0eb774858e,03878c8d9b9954cd,step_0000000,128.0,0,0,2,converged,1.3862946044921876,0.2496,0.256,0.0,,-6.661338147750939e-16,11.024968655585564,3.032860517501831,0.7879831790924072,4.102787971496582,3.7816810607910156,1.4834010601043701,0.38541008826199413,0.15084631741046906,0.9999750852584839,0.999421238899231,0.99,0.989,0.7672963341077169,0.6514575084050497
76cc1d0eb774858e,03878c8d9b9954cd,step_0000000,128.0,0,0,3,converged,1.3862946044921876,0.2496,0.256,0.0,,-4.440892098500626e-16,13.455427778741797,2.849092483520508,0.8320364356040955,4.171426773071289,3.7365825176239014,1.295362949371338,0.37829209018274507,0.1592388153076172,0.9999350309371948,0.9991989731788635,0.988,0.986,0.7285095453262329,0.5119533538818359
76cc1d0eb774858e,03878c8d9b9954cd,step_0000000,128.0,0,0,4,converged,1.3862946044921876,0.2496,0.256,0.0,,-4.440892098500626e-16,16.049451793418882,2.634141683578491,0.8866051435470581,4.096189498901367,3.590731382369995,1.1050633192062378,0.37194461867056305,0.1677533984184265,0.9998654723167419,0.9984642863273621,0.988,0.981,0.6564131776491801,0.49931101004282635
76cc1d0eb774858e,03878c8d9b9954cd,final,128.0,0,128,1,converged,0.09957181854248047,0.9536,0.951,4304.48291015625,0.2772832743494174,0.09582946559562622,6.47562159145925,3.1207008361816406,0.5576280951499939,5.625176429748535,3.6197266578674316,2.105654239654541,0.3762526340974133,0.19432786107063293,0.9999915361404419,0.9996241927146912,0.992,0.992,1.067477136850357,0.49682797988255817
76cc1d0eb774858e,03878c8d9b9954cd,final,128.0,0,128,2,converged,0.09957181854248047,0.9536,0.951,4304.48291015625,0.2772832743494174,0.2618247761948481,3.084862627636861,2.9249579906463623,0.1681085228919983,17.832469940185547,3.6103909015655518,2.2775142192840576,0.1308974502327014,0.36739349365234375,0.999923825263977,0.9996303915977478,0.994,0.992,1.257640967766444,0.12619773546854654
76cc1d0eb774858e,03878c8d9b9954cd,final,128.0,0,128,3,converged,0.09957181854248047,0.9536,0.951,4304.48291015625,0.2772832743494174,0.25600633122680183,2.610834094846344,2.8258109092712402,0.045523665845394135,56.530792236328125,4.3507537841796875,3.046907901763916,0.049085526759717904,0.6644407510757446,0.9995025396347046,0.999342679977417,0.995,0.994,1.248486598332723,0.01920270174741745
76cc1d0eb774858e,03878c8d9b9954cd,final,128.0,0,128,4,converged,0.09957181854248047,0.9536,0.951,4304.48291015625,0.2772832743494174,0.2966511838301149,2.6321443258107804,2.857891321182251,0.01296065654605627,184.31454467773438,9.117876052856445,6.613704204559326,0.02999342390937667,1.2267199754714966,0.9963662028312683,0.9959172606468201,0.995,0.991,1.1734569668769836,0.012081906199455261
d07a7cddba9045c4,03878c8d9b9954cd,step_0000000,1.0,2,0,1,converged,1.3862946044921876,0.2496,0.256,0.0,,-6.661338147750939e-16,8.088566641533532,3.2907307147979736,0.7468307018280029,3.9913082122802734,3.7987194061279297,1.8744806051254272,0.425413025217632,0.1404963880777359,0.9999968409538269,0.999735951423645,0.993,0.991,0.7827601035435995,0.7495985627174377
d07a7cddba9045c4,03878c8d9b9954cd,step_0000000,1.0,2,0,2,converged,1.3862946044921876,0.2496,0.256,0.0,,-4.440892098500626e-16,10.909260424735939,2.915081262588501,0.7613140940666199,4.161735534667969,3.7593302726745605,1.5339306592941284,0.4006073645008298,0.14800336956977844,0.9999774098396301,0.9995109438896179,0.99,0.977,0.7161146203676859,0.6270299752553304
d07a7cddba9045c4,03878c8d9b9954cd,step_0000000,1.0,2,0,3,converged,1.3862946044921876,0.2496,0.256,0.0,,1.3322676295501878e-15,13.37523643672316,2.764037847518921,0.7995384931564331,4.194117546081543,3.8873233795166016,1.3580769300460815,0.39284368708354406,0.15436521172523499,0.9999390840530396,0.9992921948432922,0.991,0.988,0.6012787818908691,0.5496688882509867
d07a7cddba9045c4,03878c8d9b9954cd,step_0000000,1.0,2,0,4,converged,1.3862946044921876,0.2496,0.256,0.0,,1.3322676295501878e-15,15.896022767619728,2.7234714031219482,0.8929516077041626,4.141753196716309,3.814326763153076,1.1733318567276,0.3847033359124523,0.1616726964712143,0.9998498558998108,0.9991632103919983,0.984,0.982,0.5358465711275736,0.46798771619796753
d07a7cddba9045c4,03878c8d9b9954cd,final,1.0,2,32,1,converged,0.09491087493896484,0.97075,0.97,2.223552942276001,0.043762901524076726,0.0007077931890988598,8.032699759785327,3.331928014755249,0.7473759055137634,4.0839033126831055,3.7789268493652344,1.9018274545669556,0.4265938464026471,0.14050009846687317,0.9999954700469971,0.999683678150177,0.993,0.994,0.8122740884621938,0.7400483787059784
d07a7cddba9045c4,03878c8d9b9954cd,final,1.0,2,32,2,converged,0.09491087493896484,0.97075,0.97,2.223552942276001,0.043762901524076726,0.0688306743945265,8.570841127746311,2.820955753326416,0.6191878318786621,5.066120147705078,3.6599905490875244,1.7390424013137817,0.38171242530149435,0.17828649282455444,0.9999671578407288,0.9995189309120178,0.992,0.995,0.8805420100688934,0.47950417796770733
d07a7cddba9045c4,03878c8d9b9954cd,final,1.0,2,32,3,converged,0.09491087493896484,0.97075,0.97,2.223552942276001,0.043762901524076726,0.20241107401183966,6.746212805523173,2.547731399536133,0.47007879614830017,6.5556793212890625,3.6199398040771484,1.6040513515472412,0.29596154788561846,0.21649843454360962,0.9998973608016968,0.9990774989128113,0.991,0.991,1.0075128376483917,0.3203915059566498
d07a7cddba9045c4,03878c8d9b9954cd,final,1.0,2,32,4,converged,0.09491087493896484,0.97075,0.97,2.223552942276001,0.043762901524076726,0.30309542112193055,5.330862344763406,2.443716526031494,0.3660075068473816,8.325698852539062,3.5055270195007324,1.4886490106582642,0.22296233165198082,0.2464522272348404,0.9997850060462952,0.9991536140441895,0.996,0.992,1.0209730366865795,0.20970088243484497
