profile,layer,gamma,metric,n,mean,lower,upper
03878c8d9b9954cd,1,0.03125,test_accuracy,3,0.9863333333333334,0.985,0.988
03878c8d9b9954cd,1,0.5,test_accuracy,3,0.975,0.965,0.984
03878c8d9b9954cd,1,1.0,test_accuracy,3,0.967,0.963,0.9700000000000001
03878c8d9b9954cd,1,16.0,test_accuracy,3,0.9753333333333334,0.9620000000000001,0.9860000000000001
03878c8d9b9954cd,1,128.0,test_accuracy,3,0.972,0.951,0.988
03878c8d9b9954cd,1,0.03125,ntk_drift,3,0.02322041429579258,0.019929802045226097,0.029734697192907333
03878c8d9b9954cd,1,0.5,ntk_drift,3,0.6660118798414866,0.4741446077823639,0.9097630381584167
03878c8d9b9954cd,1,1.0,ntk_drift,3,2.5528510014216104,1.8034225702285767,3.631577491760254
03878c8d9b9954cd,1,16.0,ntk_drift,3,156.4264170328776,151.82691955566406,162.52040100097656
03878c8d9b9954cd,1,128.0,ntk_drift,3,4730.867350260417,4304.48291015625,5425.6787109375
03878c8d9b9954cd,1,0.03125,cka_drift,3,1.2751005347884833e-07,7.173208982358403e-08,1.7205446845025563e-07
03878c8d9b9954cd,1,0.5,cka_drift,3,0.00015764177400778845,0.00011799377101151531,0.00020959473890636016
03878c8d9b9954cd,1,1.0,cka_drift,3,0.0014044707448703415,0.0007077931890988598,0.002437109604192522
03878c8d9b9954cd,1,16.0,cka_drift,3,0.050978093997896025,0.04177978522222936,0.06539717129364808
03878c8d9b9954cd,1,128.0,cka_drift,3,0.1076189853290425,0.09014297222636458,0.1368845181651367
03878c8d9b9954cd,1,0.03125,effective_rank,3,8.096447530941896,8.087612206369412,8.113993452050863
03878c8d9b9954cd,1,0.5,effective_rank,3,8.07710808120054,8.06586649223163,8.089092519474153
03878c8d9b9954cd,1,1.0,effective_rank,3,8.044682417954148,8.032699759785327,8.066559117025808
03878c8d9b9954cd,1,16.0,effective_rank,3,7.544391441731858,7.484405562537174,7.633487137900044
03878c8d9b9954cd,1,128.0,effective_rank,3,6.454167948194498,6.4167725013404295,6.475621591459249
03878c8d9b9954cd,1,0.03125,local_normalized_q01,3,0.7315534750620524,0.7159784436225891,0.7466961741447449
03878c8d9b9954cd,1,0.5,local_normalized_q01,3,0.7326847910881042,0.7232604622840881,0.7495262622833252
03878c8d9b9954cd,1,1.0,local_normalized_q01,3,0.7291257977485657,0.7180110812187195,0.7473759055137634
03878c8d9b9954cd,1,16.0,local_normalized_q01,3,0.6333783864974976,0.6060426235198975,0.6606169939041138
03878c8d9b9954cd,1,128.0,local_normalized_q01,3,0.5481736858685812,0.5173466205596924,0.5695463418960571
03878c8d9b9954cd,1,0.03125,global_normalized_q01,3,0.4218803766591575,0.4179201806291688,0.42542589420768295
03878c8d9b9954cd,1,0.5,global_normalized_q01,3,0.42247270023952743,0.4188755310095755,0.42588002337088104
03878c8d9b9954cd,1,1.0,global_normalized_q01,3,0.4233448440010341,0.42021051000590387,0.4265938464026471
03878c8d9b9954cd,1,16.0,global_normalized_q01,3,0.4112992795560861,0.4082177483174163,0.4146275998332481
03878c8d9b9954cd,1,128.0,global_normalized_q01,3,0.3724105026735914,0.3629945151174209,0.37798435880594017
03878c8d9b9954cd,1,0.03125,nuisance_jacobian,3,3.8037098248799643,3.7939887046813965,3.8186206817626953
03878c8d9b9954cd,1,0.5,nuisance_jacobian,3,3.791102886199951,3.7821788787841797,3.8089241981506348
03878c8d9b9954cd,1,1.0,nuisance_jacobian,3,3.766557455062866,3.7563045024871826,3.7789268493652344
03878c8d9b9954cd,1,16.0,nuisance_jacobian,3,3.4822835127512612,3.4135096073150635,3.5327820777893066
03878c8d9b9954cd,1,128.0,nuisance_jacobian,3,3.591536601384481,3.5079402923583984,3.6469428539276123
03878c8d9b9954cd,1,0.03125,mlp_nuisance_cosine,3,0.9997033079465231,0.9996955394744873,0.9997171759605408
03878c8d9b9954cd,1,0.5,mlp_nuisance_cosine,3,0.9996907512346903,0.9996675848960876,0.9997273683547974
03878c8d9b9954cd,1,1.0,mlp_nuisance_cosine,3,0.9996891021728516,0.9996820688247681,0.9997015595436096
03878c8d9b9954cd,1,16.0,mlp_nuisance_cosine,3,0.9996543924013773,0.9996058344841003,0.99970543384552
03878c8d9b9954cd,1,128.0,mlp_nuisance_cosine,3,0.9996640682220459,0.9996241927146912,0.9997005462646484
03878c8d9b9954cd,1,0.03125,ph_h1_top2,3,0.7504020399517484,0.7466897070407867,0.7551355957984924
03878c8d9b9954cd,1,0.5,ph_h1_top2,3,0.7458167837725745,0.7409915824731191,0.7532679239908854
03878c8d9b9954cd,1,1.0,ph_h1_top2,3,0.7322349978817834,0.7200113236904144,0.7400483787059784
03878c8d9b9954cd,1,16.0,ph_h1_top2,3,0.5861982107162476,0.5539225240548452,0.6100025475025177
03878c8d9b9954cd,1,128.0,ph_h1_top2,3,0.4875253505176968,0.4562445978323619,0.5095034738381704
03878c8d9b9954cd,2,0.03125,test_accuracy,3,0.9863333333333334,0.985,0.988
03878c8d9b9954cd,2,0.5,test_accuracy,3,0.975,0.965,0.984
03878c8d9b9954cd,2,1.0,test_accuracy,3,0.967,0.963,0.9700000000000001
03878c8d9b9954cd,2,16.0,test_accuracy,3,0.9753333333333334,0.9620000000000001,0.9860000000000001
03878c8d9b9954cd,2,128.0,test_accuracy,3,0.972,0.951,0.988
03878c8d9b9954cd,2,0.03125,ntk_drift,3,0.02322041429579258,0.019929802045226097,0.029734697192907333
03878c8d9b9954cd,2,0.5,ntk_drift,3,0.6660118798414866,0.4741446077823639,0.9097630381584167
03878c8d9b9954cd,2,1.0,ntk_drift,3,2.5528510014216104,1.8034225702285767,3.631577491760254
03878c8d9b9954cd,2,16.0,ntk_drift,3,156.4264170328776,151.82691955566406,162.52040100097656
03878c8d9b9954cd,2,128.0,ntk_drift,3,4730.867350260417,4304.48291015625,5425.6787109375
03878c8d9b9954cd,2,0.03125,cka_drift,3,2.0509118287104222e-05,1.0821601482136067e-05,3.0210281831810626e-05
03878c8d9b9954cd,2,0.5,cka_drift,3,0.02457570959656204,0.017685113483143056,0.03301687485060545
03878c8d9b9954cd,2,1.0,cka_drift,3,0.08590513666146367,0.0688306743945265,0.09566897479424419
03878c8d9b9954cd,2,16.0,cka_drift,3,0.2610629239000044,0.22721879240978538,0.32329006355670464
03878c8d9b9954cd,2,128.0,cka_drift,3,0.2875568926311722,0.2519562781503939,0.3488896235482744
03878c8d9b9954cd,2,0.03125,effective_rank,3,10.862402376638618,10.673559840269967,11.020676558550766
03878c8d9b9954cd,2,0.5,effective_rank,3,10.009234205440366,9.762215960956164,10.162015891529435
03878c8d9b9954cd,2,1.0,effective_rank,3,8.668816138568692,8.401789867246183,9.033817420713577
03878c8d9b9954cd,2,16.0,effective_rank,3,4.273125875458333,4.115310114009667,4.3714770546324715
03878c8d9b9954cd,2,128.0,effective_rank,3,3.0372085132881073,2.9963972525716773,3.084862627636861
03878c8d9b9954cd,2,0.03125,local_normalized_q01,3,0.7647616465886434,0.743763267993927,0.7909045815467834
03878c8d9b9954cd,2,0.5,local_normalized_q01,3,0.7129232088724772,0.6816366910934448,0.7345459461212158
03878c8d9b9954cd,2,1.0,local_normalized_q01,3,0.6239629586537679,0.6095090508460999,0.6431919932365417
03878c8d9b9954cd,2,16.0,local_normalized_q01,3,0.27105745673179626,0.26006054878234863,0.29285094141960144
03878c8d9b9954cd,2,128.0,local_normalized_q01,3,0.15267473955949148,0.13357581198215485,0.1681085228919983
03878c8d9b9954cd,2,0.03125,global_normalized_q01,3,0.39747460640297777,0.38539122253582114,0.40646180424709816
03878c8d9b9954cd,2,0.5,global_normalized_q01,3,0.4039650862830197,0.39966840864812164,0.41222335804488375
03878c8d9b9954cd,2,1.0,global_normalized_q01,3,0.3834378986120106,0.37258143321112164,0.3960198373234159
03878c8d9b9954cd,2,16.0,global_normalized_q01,3,0.19558260488729398,0.18990221790399456,0.20351558436599956
03878c8d9b9954cd,2,128.0,global_normalized_q01,3,0.1223266893284188,0.11207777502230803,0.1308974502327014
03878c8d9b9954cd,2,0.03125,nuisance_jacobian,3,3.7839976946512857,3.7580296993255615,3.8132829666137695
03878c8d9b9954cd,2,0.5,nuisance_jacobian,3,3.7135621706644693,3.6509318351745605,3.7489452362060547
03878c8d9b9954cd,2,1.0,nuisance_jacobian,3,3.647069772084554,3.631352424621582,3.6599905490875244
03878c8d9b9954cd,2,16.0,nuisance_jacobian,3,3.210234800974528,3.1859130859375,3.2427244186401367
03878c8d9b9954cd,2,128.0,nuisance_jacobian,3,3.501096328099569,3.3768386840820312,3.6103909015655518
03878c8d9b9954cd,2,0.03125,mlp_nuisance_cosine,3,0.9994485378265381,0.9993298053741455,0.9995629787445068
03878c8d9b9954cd,2,0.5,mlp_nuisance_cosine,3,0.999497632185618,0.999459445476532,0.9995492100715637
03878c8d9b9954cd,2,1.0,mlp_nuisance_cosine,3,0.9995408455530802,0.9995189309120178,0.9995531439781189
03878c8d9b9954cd,2,16.0,mlp_nuisance_cosine,3,0.9994999567667643,0.9994720220565796,0.9995332360267639
03878c8d9b9954cd,2,128.0,mlp_nuisance_cosine,3,0.9996204574902853,0.999615490436554,0.9996303915977478
03878c8d9b9954cd,2,0.03125,ph_h1_top2,3,0.6567109094725714,0.6263856887817383,0.6913145581881205
03878c8d9b9954cd,2,0.5,ph_h1_top2,3,0.5913502507739596,0.5288082659244537,0.6465669373671213
03878c8d9b9954cd,2,1.0,ph_h1_top2,3,0.4999341567357381,0.47950417796770733,0.5385284225145975
03878c8d9b9954cd,2,16.0,ph_h1_top2,3,0.19983814160029092,0.18011497457822165,0.21486753225326538
03878c8d9b9954cd,2,128.0,ph_h1_top2,3,0.10113851560486686,0.0811470200618108,0.12619773546854654
03878c8d9b9954cd,3,0.03125,test_accuracy,3,0.9863333333333334,0.985,0.988
03878c8d9b9954cd,3,0.5,test_accuracy,3,0.975,0.965,0.984
03878c8d9b9954cd,3,1.0,test_accuracy,3,0.967,0.963,0.9700000000000001
03878c8d9b9954cd,3,16.0,test_accuracy,3,0.9753333333333334,0.9620000000000001,0.9860000000000001
03878c8d9b9954cd,3,128.0,test_accuracy,3,0.972,0.951,0.988
03878c8d9b9954cd,3,0.03125,ntk_drift,3,0.02322041429579258,0.019929802045226097,0.029734697192907333
03878c8d9b9954cd,3,0.5,ntk_drift,3,0.6660118798414866,0.4741446077823639,0.9097630381584167
03878c8d9b9954cd,3,1.0,ntk_drift,3,2.5528510014216104,1.8034225702285767,3.631577491760254
03878c8d9b9954cd,3,16.0,ntk_drift,3,156.4264170328776,151.82691955566406,162.52040100097656
03878c8d9b9954cd,3,128.0,ntk_drift,3,4730.867350260417,4304.48291015625,5425.6787109375
03878c8d9b9954cd,3,0.03125,cka_drift,3,0.00022216405043136897,0.00012218229453131446,0.000330351822283248
03878c8d9b9954cd,3,0.5,cka_drift,3,0.11395004505803301,0.07806244877585611,0.14217268059510424
03878c8d9b9954cd,3,1.0,cka_drift,3,0.20823728182734502,0.17973123764084142,0.24256953382935398
03878c8d9b9954cd,3,16.0,cka_drift,3,0.3098656620342838,0.2503448527504363,0.3711536190959263
03878c8d9b9954cd,3,128.0,cka_drift,3,0.3122154245736999,0.25600633122680183,0.3725025884223012
03878c8d9b9954cd,3,0.03125,effective_rank,3,13.32493353725834,13.183851504730976,13.441632523561701
03878c8d9b9954cd,3,0.5,effective_rank,3,9.513631289848554,9.091256746130155,10.054779852805394
03878c8d9b9954cd,3,1.0,effective_rank,3,6.6876511328562644,6.168102689776615,7.148637903269004
03878c8d9b9954cd,3,16.0,effective_rank,3,3.1741799373774313,3.131428837635202,3.205883420113929
03878c8d9b9954cd,3,128.0,effective_rank,3,2.587647676528459,2.572585395012751,2.610834094846344
03878c8d9b9954cd,3,0.03125,local_normalized_q01,3,0.8037059108416239,0.7779929637908936,0.8318265080451965
03878c8d9b9954cd,3,0.5,local_normalized_q01,3,0.6312241554260254,0.585256040096283,0.6712653636932373
03878c8d9b9954cd,3,1.0,local_normalized_q01,3,0.4601742724577586,0.4310630261898041,0.4793809950351715
03878c8d9b9954cd,3,16.0,local_normalized_q01,3,0.10402432332436244,0.09895088523626328,0.11410529166460037
03878c8d9b9954cd,3,128.0,local_normalized_q01,3,0.03893403336405754,0.03206624090671539,0.045523665845394135
03878c8d9b9954cd,3,0.03125,global_normalized_q01,3,0.3893643480183117,0.37834142404226495,0.3971947171126214
03878c8d9b9954cd,3,0.5,global_normalized_q01,3,0.3690641769969251,0.353096299811613,0.38545112934639697
03878c8d9b9954cd,3,1.0,global_normalized_q01,3,0.28982067793602656,0.2736681098398112,0.29983237608265
03878c8d9b9954cd,3,16.0,global_normalized_q01,3,0.08893975183100604,0.0839494998374486,0.09551699417225608
03878c8d9b9954cd,3,128.0,global_normalized_q01,3,0.04475459457992176,0.039839659634554866,0.04908552675971791
03878c8d9b9954cd,3,0.03125,nuisance_jacobian,3,3.7936082681020102,3.7418713569641113,3.8939197063446045
03878c8d9b9954cd,3,0.5,nuisance_jacobian,3,3.6115809281667075,3.597842216491699,3.632279396057129
03878c8d9b9954cd,3,1.0,nuisance_jacobian,3,3.518925348917643,3.4675426483154297,3.6199398040771484
03878c8d9b9954cd,3,16.0,nuisance_jacobian,3,3.187251249949137,3.1514317989349365,3.2505810260772705
03878c8d9b9954cd,3,128.0,nuisance_jacobian,3,4.211274941762288,4.090260982513428,4.3507537841796875
03878c8d9b9954cd,3,0.03125,mlp_nuisance_cosine,3,0.9992092251777649,0.9990476369857788,0.9993780255317688
03878c8d9b9954cd,3,0.5,mlp_nuisance_cosine,3,0.9991437594095866,0.9989604353904724,0.9992631673812866
03878c8d9b9954cd,3,1.0,mlp_nuisance_cosine,3,0.9993073145548502,0.9990774989128113,0.9994853734970093
03878c8d9b9954cd,3,16.0,mlp_nuisance_cosine,3,0.9992778897285461,0.9991449117660522,0.9993717074394226
03878c8d9b9954cd,3,128.0,mlp_nuisance_cosine,3,0.9990734656651815,0.9988285899162292,0.999342679977417
03878c8d9b9954cd,3,0.03125,ph_h1_top2,3,0.56600464714898,0.5125066041946411,0.6284583608309428
03878c8d9b9954cd,3,0.5,ph_h1_top2,3,0.4358558456103007,0.3876700202624003,0.4753841559092204
03878c8d9b9954cd,3,1.0,ph_h1_top2,3,0.3238492508729299,0.2950984636942546,0.3560577829678853
03878c8d9b9954cd,3,16.0,ph_h1_top2,3,0.06949995458126068,0.05745153625806173,0.09161277612050374
03878c8d9b9954cd,3,128.0,ph_h1_top2,3,0.019533641636371613,0.015777374307314556,0.02362084885438283
03878c8d9b9954cd,4,0.03125,test_accuracy,3,0.9863333333333334,0.985,0.988
03878c8d9b9954cd,4,0.5,test_accuracy,3,0.975,0.965,0.984
03878c8d9b9954cd,4,1.0,test_accuracy,3,0.967,0.963,0.9700000000000001
03878c8d9b9954cd,4,16.0,test_accuracy,3,0.9753333333333334,0.9620000000000001,0.9860000000000001
03878c8d9b9954cd,4,128.0,test_accuracy,3,0.972,0.951,0.988
03878c8d9b9954cd,4,0.03125,ntk_drift,3,0.02322041429579258,0.019929802045226097,0.029734697192907333
03878c8d9b9954cd,4,0.5,ntk_drift,3,0.6660118798414866,0.4741446077823639,0.9097630381584167
03878c8d9b9954cd,4,1.0,ntk_drift,3,2.5528510014216104,1.8034225702285767,3.631577491760254
03878c8d9b9954cd,4,16.0,ntk_drift,3,156.4264170328776,151.82691955566406,162.52040100097656
03878c8d9b9954cd,4,128.0,ntk_drift,3,4730.867350260417,4304.48291015625,5425.6787109375
03878c8d9b9954cd,4,0.03125,cka_drift,3,0.0010490138408547252,0.0005828437873003356,0.0013350748555718273
03878c8d9b9954cd,4,0.5,cka_drift,3,0.23152983433207816,0.1600382699169054,0.27079774081612207
03878c8d9b9954cd,4,1.0,cka_drift,3,0.3102950887430989,0.26369385538934365,0.3640959897180225
03878c8d9b9954cd,4,16.0,cka_drift,3,0.36836873928028596,0.30567754817820936,0.43874094978812717
03878c8d9b9954cd,4,128.0,cka_drift,3,0.36097057830976803,0.2966511838301149,0.43118076605599986
03878c8d9b9954cd,4,0.03125,effective_rank,3,15.493597961968995,14.486778108960086,16.082177677828795
03878c8d9b9954cd,4,0.5,effective_rank,3,8.12602229277743,7.674971058520714,8.437565628751766
03878c8d9b9954cd,4,1.0,effective_rank,3,5.311248743757573,5.027570794654189,5.575313091855121
03878c8d9b9954cd,4,16.0,effective_rank,3,2.9983428397877883,2.9604010585683525,3.0311165866247314
03878c8d9b9954cd,4,128.0,effective_rank,3,2.5979654974565256,2.556795675259924,2.6321443258107804
03878c8d9b9954cd,4,0.03125,local_normalized_q01,3,0.8613854845364889,0.8118354678153992,0.8946226239204407
03878c8d9b9954cd,4,0.5,local_normalized_q01,3,0.546869158744812,0.5052049160003662,0.5798972249031067
03878c8d9b9954cd,4,1.0,local_normalized_q01,3,0.3487803439299266,0.31256476044654846,0.3677687644958496
03878c8d9b9954cd,4,16.0,local_normalized_q01,3,0.04129674409826597,0.035687416791915894,0.04542672261595726
03878c8d9b9954cd,4,128.0,local_normalized_q01,3,0.010762304378052553,0.00799777451902628,0.01296065654605627
03878c8d9b9954cd,4,0.03125,global_normalized_q01,3,0.3828214327629647,0.37070449977732123,0.39104723823141274
03878c8d9b9954cd,4,0.5,global_normalized_q01,3,0.3139928497238381,0.2906126836650203,0.33058701384174305
03878c8d9b9954cd,4,1.0,global_normalized_q01,3,0.21738230425022972,0.20350405284586612,0.22568052825284216
03878c8d9b9954cd,4,16.0,global_normalized_q01,3,0.044687175953738244,0.03975886647951882,0.0482884372813879
03878c8d9b9954cd,4,128.0,global_normalized_q01,3,0.027839639188402616,0.025649036861955795,0.029993423909376666
03878c8d9b9954cd,4,0.03125,nuisance_jacobian,3,3.7040024598439536,3.594966411590576,3.793509006500244
03878c8d9b9954cd,4,0.5,nuisance_jacobian,3,3.489583174387614,3.3838257789611816,3.569610595703125
03878c8d9b9954cd,4,1.0,nuisance_jacobian,3,3.423332452774048,3.380723476409912,3.5055270195007324
03878c8d9b9954cd,4,16.0,nuisance_jacobian,3,3.513643423716227,3.4429993629455566,3.5961709022521973
03878c8d9b9954cd,4,128.0,nuisance_jacobian,3,9.217594146728516,8.667503356933594,9.867403030395508
03878c8d9b9954cd,4,0.03125,mlp_nuisance_cosine,3,0.9990183115005493,0.9988604784011841,0.9993133544921875
03878c8d9b9954cd,4,0.5,mlp_nuisance_cosine,3,0.998791774113973,0.9982553720474243,0.9991627931594849
03878c8d9b9954cd,4,1.0,mlp_nuisance_cosine,3,0.9991480906804403,0.9991431832313538,0.9991536140441895
03878c8d9b9954cd,4,16.0,mlp_nuisance_cosine,3,0.9984417955080668,0.9974598288536072,0.9991258382797241
03878c8d9b9954cd,4,128.0,mlp_nuisance_cosine,3,0.9946205019950867,0.9924675822257996,0.9959172606468201
03878c8d9b9954cd,4,0.03125,ph_h1_top2,3,0.5067508949173821,0.4730310042699178,0.5373194018999735
03878c8d9b9954cd,4,0.5,ph_h1_top2,3,0.35598164465692306,0.30400629838307697,0.39964039127031964
03878c8d9b9954cd,4,1.0,ph_h1_top2,3,0.20868966314527726,0.18686543901761374,0.22950266798337302
03878c8d9b9954cd,4,16.0,ph_h1_top2,3,0.028245372076829273,0.023702154556910198,0.036762175460656486
03878c8d9b9954cd,4,128.0,ph_h1_top2,3,0.016044795513153076,0.012081906199455261,0.022158116102218628
